净值日期,单位净值,日增长率
2012-08-15,1.0,0.0
2012-08-17,1.0,0.0
2012-08-24,0.999,-0.1
2012-08-31,0.999,0.0
2012-09-07,1.0,0.1001
2012-09-13,1.001,0.1
2012-09-14,1.005,0.3996
2012-09-17,1.005,0.0
2012-09-18,1.007,0.199
2012-09-19,1.01,0.2979
2012-09-20,1.008,-0.198
2012-09-21,1.009,0.0992
2012-09-24,1.002,-0.6938
2012-09-25,0.989,-1.2974
2012-09-26,0.981,-0.8089
2012-09-27,0.994,1.3252
2012-09-28,0.987,-0.7042
2012-10-08,0.986,-0.1013
2012-10-09,0.981,-0.5071
2012-10-10,0.98,-0.1019
2012-10-11,0.979,-0.102
2012-10-12,0.977,-0.2043
2012-10-15,0.976,-0.1024
2012-10-16,0.982,0.6148
2012-10-17,0.98,-0.2037
2012-10-18,0.971,-0.9184
2012-10-19,0.953,-1.8538
2012-10-22,0.956,0.3148
2012-10-23,0.951,-0.523
2012-10-24,0.949,-0.2103
2012-10-25,0.949,0.0
2012-10-26,0.95,0.1054
2012-10-29,0.949,-0.1053
2012-10-30,0.95,0.1054
2012-10-31,0.946,-0.4211
2012-11-01,0.953,0.74
2012-11-02,0.948,-0.5247
2012-11-05,0.952,0.4219
2012-11-06,0.953,0.105
2012-11-07,0.941,-1.2592
2012-11-08,0.934,-0.7439
2012-11-09,0.934,0.0
2012-11-12,0.932,-0.2141
2012-11-13,0.925,-0.7511
2012-11-14,0.915,-1.0811
2012-11-15,0.912,-0.3279
2012-11-16,0.916,0.4386
2012-11-19,0.939,2.5109
2012-11-20,0.938,-0.1065
2012-11-21,0.939,0.1066
2012-11-22,0.939,0.0
2012-11-23,0.953,1.4909
2012-11-26,0.956,0.3148
2012-11-27,0.953,-0.3138
2012-11-28,0.961,0.8395
2012-11-29,0.966,0.5203
2012-11-30,0.965,-0.1035
2012-12-03,0.963,-0.2073
2012-12-04,0.959,-0.4154
2012-12-05,0.949,-1.0428
2012-12-06,0.956,0.7376
2012-12-07,0.951,-0.523
2012-12-10,0.953,0.2103
2012-12-11,0.964,1.1542
2012-12-12,0.962,-0.2075
2012-12-13,0.955,-0.7277
2012-12-14,0.946,-0.9424
2012-12-17,0.958,1.2685
2012-12-18,0.972,1.4614
2012-12-19,0.966,-0.6173
2012-12-20,0.967,0.1035
2012-12-21,0.957,-1.0341
2012-12-24,0.955,-0.209
2012-12-25,0.956,0.1047
2012-12-26,0.949,-0.7322
2012-12-27,0.947,-0.2107
2012-12-28,0.937,-1.056
2012-12-31,0.955,1.921
2013-01-04,0.977,2.3037
2013-01-07,0.977,0.0
2013-01-08,0.974,-0.3071
2013-01-09,0.977,0.308
2013-01-10,0.982,0.5118
2013-01-11,0.982,0.0
2013-01-14,0.978,-0.4073
2013-01-15,0.973,-0.5112
2013-01-16,0.978,0.5139
2013-01-17,0.982,0.409
2013-01-18,0.981,-0.1018
2013-01-21,0.981,0.0
2013-01-22,0.982,0.1019
2013-01-23,0.987,0.5092
2013-01-24,0.974,-1.3171
2013-01-25,0.98,0.616
2013-01-28,0.982,0.2041
2013-01-29,0.983,0.1018
2013-01-30,0.98,-0.3052
2013-01-31,0.978,-0.2041
2013-02-01,0.989,1.1247
2013-02-04,0.973,-1.6178
2013-02-05,0.987,1.4388
2013-02-06,0.984,-0.304
2013-02-07,0.985,0.1016
2013-02-08,0.993,0.8122
2013-02-18,0.989,-0.4028
2013-02-19,0.996,0.7078
2013-02-20,0.981,-1.506
2013-02-21,0.972,-0.9174
2013-02-22,0.982,1.0288
2013-02-25,0.969,-1.3238
2013-02-26,0.973,0.4128
2013-02-27,0.982,0.925
2013-02-28,0.98,-0.2037
2013-03-01,0.984,0.4082
2013-03-04,0.988,0.4065
2013-03-05,1.001,1.3158
2013-03-06,0.998,-0.2997
2013-03-07,1.001,0.3006
2013-03-08,1.002,0.0999
2013-03-11,1.005,0.2994
2013-03-12,1.001,-0.398
2013-03-13,1.0,-0.0999
2013-03-14,1.004,0.4
2013-03-15,1.0,-0.3984
2013-03-18,0.998,-0.2
2013-03-19,0.997,-0.1002
2013-03-20,1.002,0.5015
2013-03-21,0.992,-0.998
2013-03-22,1.0,0.8065
2013-03-25,0.996,-0.4
2013-03-26,1.002,0.6024
2013-03-27,1.004,0.1996
2013-03-28,1.007,0.2988
2013-03-29,1.006,-0.0993
2013-04-01,0.998,-0.7952
2013-04-02,1.005,0.7014
2013-04-03,0.996,-0.8955
2013-04-08,0.994,-0.2008
2013-04-09,1.0,0.6036
2013-04-10,1.017,1.7
2013-04-11,1.018,0.0983
2013-04-12,1.016,-0.1965
2013-04-15,0.994,-2.1654
2013-04-16,1.008,1.4085
2013-04-17,0.987,-2.0833
2013-04-18,0.974,-1.3171
2013-04-19,0.987,1.3347
2013-04-22,0.998,1.1145
2013-04-23,1.005,0.7014
2013-04-24,1.005,0.0
2013-04-25,1.008,0.2985
2013-04-26,1.004,-0.3968
2013-05-02,1.026,2.1912
2013-05-03,1.038,1.1696
2013-05-06,1.041,0.289
2013-05-07,1.04,-0.0961
2013-05-08,1.043,0.2885
2013-05-09,1.04,-0.2876
2013-05-10,1.049,0.8654
2013-05-13,1.05,0.0953
2013-05-14,1.054,0.381
2013-05-15,1.057,0.2846
2013-05-16,1.056,-0.0946
2013-05-17,1.064,0.7576
2013-05-20,1.061,-0.282
2013-05-21,1.062,0.0943
2013-05-22,1.052,-0.9416
2013-05-23,1.05,-0.1901
2013-05-24,1.048,-0.1905
2013-05-27,1.047,-0.0954
2013-05-28,1.055,0.7641
2013-05-29,1.049,-0.5687
2013-05-30,1.054,0.4766
2013-05-31,1.044,-0.9488
2013-06-03,1.047,0.2874
2013-06-04,1.04,-0.6686
2013-06-05,1.028,-1.1538
2013-06-06,1.032,0.3891
2013-06-07,1.044,1.1628
2013-06-13,1.034,-0.9579
2013-06-14,1.028,-0.5803
2013-06-17,1.037,0.8755
2013-06-18,1.046,0.8679
2013-06-19,1.034,-1.1472
2013-06-20,1.011,-2.2244
2013-06-21,1.008,-0.2967
2013-06-24,0.998,-0.9921
2013-06-25,1.004,0.6012
2013-06-26,1.013,0.8964
2013-06-27,1.018,0.4936
2013-06-28,1.019,0.0982
2013-06-30,1.019,0.0
2013-07-01,1.025,0.5888
2013-07-02,1.025,0.0
2013-07-03,1.03,0.4878
2013-07-04,1.029,-0.0971
2013-07-05,1.037,0.7775
2013-07-08,1.038,0.0964
2013-07-09,1.043,0.4817
2013-07-10,1.047,0.3835
2013-07-11,1.066,1.8147
2013-07-12,1.073,0.6567
2013-07-15,1.074,0.0932
2013-07-16,1.074,0.0
2013-07-17,1.076,0.1862
2013-07-18,1.074,-0.1859
2013-07-19,1.064,-0.9311
2013-07-22,1.067,0.282
2013-07-23,1.059,-0.7498
2013-07-24,1.062,0.2833
2013-07-25,1.07,0.7533
2013-07-26,1.074,0.3738
2013-07-29,1.072,-0.1862
2013-07-30,1.077,0.4664
2013-07-31,1.08,0.2786
2013-08-01,1.093,1.2037
2013-08-02,1.098,0.4575
2013-08-05,1.099,0.0911
2013-08-06,1.092,-0.6369
2013-08-07,1.089,-0.2747
2013-08-08,1.094,0.4591
2013-08-09,1.09,-0.3656
2013-08-12,1.092,0.1835
2013-08-13,1.1,0.7326
2013-08-14,1.096,-0.3636
2013-08-15,1.077,-1.7336
2013-08-16,1.076,-0.0929
2013-08-19,1.075,-0.0929
2013-08-20,1.078,0.2791
2013-08-21,1.074,-0.3711
2013-08-22,1.085,1.0242
2013-08-23,1.092,0.6452
2013-08-26,1.091,-0.0916
2013-08-27,1.07,-1.9248
2013-08-28,1.074,0.3738
2013-08-29,1.081,0.6518
2013-08-30,1.075,-0.555
2013-09-02,1.075,0.0
2013-09-03,1.081,0.5581
2013-09-04,1.092,1.0176
2013-09-05,1.093,0.0916
2013-09-06,1.095,0.183
2013-09-09,1.105,0.9132
2013-09-10,1.11,0.4525
2013-09-11,1.108,-0.1802
2013-09-12,1.106,-0.1805
2013-09-13,1.107,0.0904
2013-09-16,1.103,-0.3613
2013-09-17,1.111,0.7253
2013-09-18,1.124,1.1701
2013-09-23,1.119,-0.4448
2013-09-24,1.119,0.0
2013-09-25,1.115,-0.3575
2013-09-26,1.123,0.7175
2013-09-27,1.123,0.0
2013-09-30,1.118,-0.4452
2013-10-08,1.097,-1.8784
2013-10-09,1.093,-0.3646
2013-10-10,1.116,2.1043
2013-10-11,1.124,0.7168
2013-10-14,1.13,0.5338
2013-10-15,1.127,-0.2655
2013-10-16,1.139,1.0648
2013-10-17,1.146,0.6146
2013-10-18,1.162,1.3962
2013-10-21,1.164,0.1721
2013-10-22,1.167,0.2577
2013-10-23,1.159,-0.6855
2013-10-24,1.164,0.4314
2013-10-25,1.171,0.6014
2013-10-28,1.171,0.0
2013-10-29,1.175,0.3416
2013-10-30,1.173,-0.1702
2013-10-31,1.171,-0.1705
2013-11-01,1.172,0.0854
2013-11-04,1.174,0.1706
2013-11-05,1.175,0.0852
2013-11-06,1.176,0.0851
2013-11-07,1.154,-1.8707
2013-11-08,1.167,1.1265
2013-11-11,1.167,0.0
2013-11-12,1.167,0.0
2013-11-13,1.181,1.1997
2013-11-14,1.184,0.254
2013-11-15,1.187,0.2534
2013-11-18,1.175,-1.011
2013-11-19,1.172,-0.2553
2013-11-20,1.168,-0.3413
2013-11-21,1.182,1.1986
2013-11-22,1.188,0.5076
2013-11-25,1.19,0.1684
2013-11-26,1.196,0.5042
2013-11-27,1.204,0.6689
2013-11-28,1.204,0.0
2013-11-29,1.21,0.4983
2013-12-02,1.208,-0.1653
2013-12-03,1.207,-0.0828
2013-12-04,1.208,0.0829
2013-12-05,1.206,-0.1656
2013-12-06,1.213,0.5804
2013-12-09,1.215,0.1649
2013-12-10,1.214,-0.0823
2013-12-11,1.199,-1.2356
2013-12-12,1.196,-0.2502
2013-12-13,1.195,-0.0836
2013-12-16,1.201,0.5021
2013-12-17,1.199,-0.1665
2013-12-18,1.212,1.0842
2013-12-19,1.21,-0.165
2013-12-20,1.221,0.9091
2013-12-23,1.233,0.9828
2013-12-24,1.234,0.0811
2013-12-25,1.234,0.0
2013-12-26,1.238,0.3241
2013-12-27,1.232,-0.4847
2013-12-30,1.231,-0.0812
2013-12-31,1.237,0.4874
2014-01-02,1.228,-0.7276
2014-01-03,1.221,-0.57
2014-01-06,1.218,-0.2457
2014-01-07,1.227,0.7389
2014-01-08,1.231,0.326
2014-01-09,1.227,-0.3249
2014-01-10,1.229,0.163
2014-01-13,1.21,-1.546
2014-01-14,1.232,1.8182
2014-01-15,1.233,0.8929
2014-01-16,1.235,0.1622
2014-01-17,1.227,-0.6478
2014-01-20,1.228,0.0815
2014-01-21,1.237,0.7329
2014-01-22,1.241,0.3234
2014-01-23,1.237,-0.3223
2014-01-24,1.21,-2.1827
2014-01-27,1.199,-0.9091
2014-01-28,1.198,-0.0834
2014-01-29,1.186,-1.0017
2014-01-30,1.207,1.7707
2014-02-07,1.219,0.9942
2014-02-10,1.225,0.4922
2014-02-11,1.238,1.0612
2014-02-12,1.24,0.1616
2014-02-13,1.253,1.0484
2014-02-14,1.253,0.0
2014-02-17,1.252,-0.0798
2014-02-18,1.261,0.7188
2014-02-19,1.253,-0.6344
2014-02-20,1.26,0.5587
2014-02-21,1.258,-0.1587
2014-02-24,1.266,0.6359
2014-02-25,1.263,-0.237
2014-02-26,1.262,-0.0792
2014-02-27,1.272,0.7924
2014-02-28,1.269,-0.2358
2014-03-03,1.26,-0.7092
2014-03-04,1.28,1.5873
2014-03-05,1.283,0.2344
2014-03-06,1.28,-0.2338
2014-03-07,1.272,-0.625
2014-03-10,1.275,0.2358
2014-03-11,1.27,-0.3922
2014-03-12,1.276,0.4724
2014-03-13,1.256,-1.5674
2014-03-14,1.248,-0.6369
2014-03-17,1.259,0.8814
2014-03-18,1.275,1.2708
2014-03-19,1.266,-0.7059
2014-03-20,1.269,0.237
2014-03-21,1.251,-1.4184
2014-03-24,1.236,-1.199
2014-03-25,1.239,0.2427
2014-03-26,1.223,-1.2914
2014-03-27,1.216,-0.5724
2014-03-28,1.219,0.2467
2014-03-31,1.229,0.8203
2014-04-01,1.249,1.6273
2014-04-02,1.25,0.0801
2014-04-03,1.24,-0.8
2014-04-04,1.209,-2.5
2014-04-08,1.208,-0.0827
2014-04-09,1.229,1.7384
2014-04-10,1.19,-3.1733
2014-04-11,1.177,-1.0924
2014-04-14,1.186,0.7647
2014-04-15,1.192,0.5059
2014-04-16,1.207,1.2584
2014-04-17,1.207,0.0
2014-04-18,1.207,0.0
2014-04-21,1.215,0.6628
2014-04-22,1.226,0.9053
2014-04-23,1.215,-0.8972
2014-04-24,1.226,0.9053
2014-04-25,1.206,-1.6313
2014-04-28,1.209,0.2488
2014-04-29,1.219,0.8271
2014-04-30,1.222,0.2461
2014-05-05,1.23,0.6547
2014-05-06,1.214,-1.3008
2014-05-07,1.209,-0.4119
2014-05-08,1.208,-0.0827
2014-05-09,1.213,0.4139
2014-05-12,1.233,1.6488
2014-05-13,1.233,0.0
2014-05-14,1.228,-0.4055
2014-05-15,1.218,-0.8143
2014-05-16,1.224,0.4926
2014-05-19,1.234,0.817
2014-05-20,1.229,-0.4052
2014-05-21,1.242,1.0578
2014-05-22,1.248,0.4831
2014-05-23,1.257,0.7212
2014-05-26,1.257,0.0
2014-05-27,1.273,1.2729
2014-05-28,1.27,-0.2357
2014-05-29,1.278,0.6299
2014-05-30,1.278,0.0
2014-06-03,1.275,-0.2347
2014-06-04,1.279,0.3137
2014-06-05,1.29,0.86
2014-06-06,1.294,0.3101
2014-06-09,1.292,-0.1546
2014-06-10,1.293,0.0774
2014-06-11,1.294,0.0773
2014-06-12,1.282,-0.9274
2014-06-13,1.285,0.234
2014-06-16,1.287,0.1556
2014-06-17,1.288,0.0777
2014-06-18,1.296,0.6211
2014-06-19,1.294,-0.1543
2014-06-20,1.294,0.0
2014-06-23,1.295,0.0773
2014-06-24,1.294,-0.0772
2014-06-25,1.303,0.6955
2014-06-26,1.302,-0.0767
2014-06-27,1.308,0.4608
2014-06-30,1.31,0.1529
2014-07-01,1.324,1.0687
2014-07-02,1.326,0.1511
2014-07-03,1.334,0.6033
2014-07-04,1.335,0.075
2014-07-07,1.332,-0.2247
2014-07-08,1.316,-1.2012
2014-07-09,1.324,0.6079
2014-07-10,1.317,-0.5287
2014-07-11,1.325,0.6074
2014-07-14,1.334,0.6792
2014-07-15,1.329,-0.3748
2014-07-16,1.335,0.4515
2014-07-17,1.318,-1.2734
2014-07-18,1.338,1.5175
2014-07-21,1.336,-0.1495
2014-07-22,1.345,0.6737
2014-07-23,1.354,0.6691
2014-07-24,1.353,-0.0739
2014-07-25,1.348,-0.3695
2014-07-28,1.35,0.1484
2014-07-29,1.346,-0.2963
2014-07-30,1.352,0.4458
2014-07-31,1.324,-2.071
2014-08-01,1.32,-0.3021
2014-08-04,1.329,0.6818
2014-08-05,1.318,-0.8277
2014-08-06,1.319,0.0759
2014-08-07,1.314,-0.3791
2014-08-08,1.321,0.5327
2014-08-11,1.328,0.5299
2014-08-12,1.327,-0.0753
2014-08-13,1.342,1.1304
2014-08-14,1.348,0.4471
2014-08-15,1.355,0.5193
2014-08-18,1.365,0.738
2014-08-19,1.373,0.5861
2014-08-20,1.374,0.0728
2014-08-21,1.377,0.2183
2014-08-22,1.379,0.1452
2014-08-25,1.383,0.2901
2014-08-26,1.384,0.0723
2014-08-27,1.384,0.0
2014-08-28,1.382,-0.1445
2014-08-29,1.387,0.3618
2014-09-01,1.388,0.0721
2014-09-02,1.392,0.2882
2014-09-03,1.383,-0.6466
2014-09-04,1.381,-0.1446
2014-09-05,1.39,0.6517
2014-09-09,1.376,-1.0072
2014-09-10,1.385,0.6541
2014-09-11,1.385,0.0
2014-09-12,1.378,-0.5054
2014-09-15,1.365,-0.9434
2014-09-16,1.376,0.8059
2014-09-17,1.378,0.1453
2014-09-18,1.389,0.7983
2014-09-19,1.387,-0.144
2014-09-22,1.375,-0.8652
2014-09-23,1.372,-0.2182
2014-09-24,1.385,0.9475
2014-09-25,1.357,-2.0217
2014-09-26,1.372,1.1054
2014-09-29,1.371,-0.0729
2014-09-30,1.371,0.0
2014-10-08,1.368,-0.2188
2014-10-09,1.343,-1.8275
2014-10-10,1.311,-2.3827
2014-10-13,1.289,-1.6781
2014-10-14,1.289,0.0
2014-10-15,1.282,-0.5431
2014-10-16,1.273,-0.702
2014-10-17,1.29,1.3354
2014-10-20,1.309,1.4729
2014-10-21,1.343,2.5974
2014-10-22,1.336,-0.5212
2014-10-23,1.357,1.5719
2014-10-24,1.367,0.7369
2014-10-27,1.367,0.0
2014-10-28,1.387,1.4631
2014-10-29,1.382,-0.3605
2014-10-30,1.387,0.3618
2014-10-31,1.405,1.2978
2014-11-03,1.411,0.427
2014-11-04,1.407,-0.2835
2014-11-05,1.405,-0.1421
2014-11-06,1.411,0.427
2014-11-07,1.411,0.0
2014-11-10,1.411,0.0
2014-11-11,1.415,0.2835
2014-11-12,1.419,0.2827
2014-11-13,1.424,0.3524
2014-11-14,1.428,0.2809
2014-11-17,1.424,-0.2801
2014-11-18,1.435,0.7725
2014-11-19,1.427,-0.5575
2014-11-20,1.434,0.4905
2014-11-21,1.437,0.2092
2014-11-24,1.448,0.7655
2014-11-25,1.449,0.0691
2014-11-26,1.457,0.5521
2014-11-27,1.457,0.0
2014-11-28,1.463,0.4118
2014-12-01,1.447,-1.0936
2014-12-02,1.452,0.3455
2014-12-03,1.455,0.2066
2014-12-04,1.456,0.0687
2014-12-05,1.454,-0.1374
2014-12-08,1.441,-0.8941
2014-12-09,1.445,0.2776
2014-12-10,1.422,-1.5917
2014-12-11,1.428,0.4219
2014-12-12,1.413,-1.0504
2014-12-15,1.399,-0.9908
2014-12-16,1.378,-1.5011
2014-12-17,1.401,1.6691
2014-12-18,1.436,2.4982
2014-12-19,1.441,0.3482
2014-12-22,1.445,0.2776
2014-12-23,1.441,-0.2768
2014-12-24,1.442,0.0694
2014-12-25,1.441,-0.0693
2014-12-26,1.45,0.6246
2014-12-29,1.45,0.0
2014-12-30,1.441,-0.6207
2014-12-31,1.425,-1.1103
2015-01-05,1.402,-1.614
2015-01-06,1.386,-1.1412
2015-01-07,1.402,1.1544
2015-01-08,1.429,1.9258
2015-01-09,1.42,-0.6298
2015-01-12,1.405,-1.0563
2015-01-13,1.403,-0.1423
2015-01-14,1.396,-0.4989
2015-01-15,1.378,-1.2894
2015-01-16,1.395,1.2337
2015-01-19,1.395,0.0
2015-01-20,1.404,0.6452
2015-01-21,1.412,0.5698
2015-01-22,1.437,1.7705
2015-01-23,1.442,0.3479
2015-01-26,1.442,0.0
2015-01-27,1.405,-2.5659
2015-01-28,1.395,-0.7117
2015-01-29,1.41,1.0753
2015-01-30,1.4,-0.7092
2015-02-02,1.413,0.9286
2015-02-03,1.426,0.92
2015-02-04,1.423,-0.2104
2015-02-05,1.436,0.9136
2015-02-06,1.424,-0.8357
2015-02-09,1.421,-0.2107
2015-02-10,1.442,1.4778
2015-02-11,1.448,0.4161
2015-02-12,1.465,1.174
2015-02-13,1.475,0.6826
2015-02-16,1.475,0.0
2015-02-17,1.477,0.1356
2015-02-25,1.497,1.3541
2015-02-26,1.504,0.4676
2015-02-27,1.499,-0.3324
2015-03-02,1.514,1.0007
2015-03-03,1.507,-0.4624
2015-03-04,1.502,-0.3318
2015-03-05,1.504,0.1332
2015-03-06,1.487,-1.1303
2015-03-09,1.492,0.3362
2015-03-10,1.466,-1.7426
2015-03-11,1.459,-0.4775
2015-03-12,1.469,0.6854
2015-03-13,1.461,-0.5446
2015-03-16,1.48,1.3005
2015-03-17,1.481,0.0676
2015-03-18,1.496,1.0128
2015-03-19,1.495,-0.0668
2015-03-20,1.507,0.8027
2015-03-23,1.501,-0.3981
2015-03-24,1.495,-0.3997
2015-03-25,1.461,-2.2742
2015-03-26,1.456,-0.3422
2015-03-27,1.463,0.4808
2015-03-30,1.48,1.162
2015-03-31,1.464,-1.0811
2015-04-01,1.457,-0.4781
2015-04-02,1.457,0.0
2015-04-03,1.456,-0.0686
2015-04-07,1.464,0.5495
2015-04-08,1.48,1.0929
2015-04-09,1.488,0.5405
2015-04-10,1.495,0.4704
2015-04-13,1.491,-0.2676
2015-04-14,1.488,-0.2012
2015-04-15,1.495,0.4704
2015-04-16,1.493,-0.1338
2015-04-17,1.469,-1.6075
2015-04-20,1.491,1.4976
2015-04-21,1.498,0.4695
2015-04-22,1.507,0.6008
2015-04-23,1.512,0.3318
2015-04-24,1.532,1.3228
2015-04-27,1.527,-0.3264
2015-04-28,1.524,-0.1965
2015-04-29,1.513,-0.7218
2015-04-30,1.487,-1.7184
2015-05-04,1.511,1.614
2015-05-05,1.487,-1.5884
2015-05-06,1.476,-0.7397
2015-05-07,1.483,0.4743
2015-05-08,1.504,1.416
2015-05-11,1.496,-0.5319
2015-05-12,1.491,-0.3342
2015-05-13,1.492,0.0671
2015-05-14,1.515,1.5416
2015-05-15,1.514,-0.066
2015-05-18,1.52,0.3963
2015-05-19,1.518,-0.1316
2015-05-20,1.52,0.1318
2015-05-21,1.528,0.5263
2015-05-22,1.527,-0.0654
2015-05-25,1.528,0.0655
2015-05-26,1.509,-1.2435
2015-05-27,1.536,1.7893
2015-05-28,1.533,-0.1953
2015-05-29,1.523,-0.6523
2015-06-01,1.528,0.3283
2015-06-02,1.524,-0.2618
2015-06-03,1.527,0.1969
2015-06-04,1.515,-0.7859
2015-06-05,1.512,-0.198
2015-06-08,1.496,-1.0582
2015-06-09,1.494,-0.1337
2015-06-10,1.515,1.4056
2015-06-11,1.516,0.066
2015-06-12,1.504,-0.7916
2015-06-15,1.496,-0.5319
2015-06-16,1.504,0.5348
2015-06-17,1.508,0.266
2015-06-18,1.53,1.4589
2015-06-19,1.522,-0.5229
2015-06-23,1.535,0.8541
2015-06-24,1.527,-0.5212
2015-06-25,1.524,-0.1965
2015-06-26,1.513,-0.7218
2015-06-29,1.478,-2.3133
2015-06-30,1.483,0.3383
2015-07-01,1.495,0.8092
2015-07-02,1.497,0.1338
2015-07-03,1.496,-0.0668
2015-07-06,1.492,-0.2674
2015-07-07,1.495,0.2011
2015-07-08,1.47,-1.6722
2015-07-09,1.469,-0.068
2015-07-10,1.492,1.5657
2015-07-13,1.517,1.6756
2015-07-14,1.528,0.7251
2015-07-15,1.53,0.1309
2015-07-16,1.553,1.5033
2015-07-17,1.576,1.481
2015-07-20,1.583,0.4442
2015-07-21,1.581,-0.1263
2015-07-22,1.562,-1.2018
2015-07-23,1.555,-0.4481
2015-07-24,1.54,-0.9646
2015-07-27,1.527,-0.8442
2015-07-28,1.54,0.8513
2015-07-29,1.548,0.5195
2015-07-30,1.554,0.3876
2015-07-31,1.551,-0.1931
2015-08-03,1.548,-0.1934
2015-08-04,1.543,-0.323
2015-08-05,1.556,0.8425
2015-08-06,1.531,-1.6067
2015-08-07,1.528,-0.196
2015-08-10,1.546,1.178
2015-08-11,1.553,0.4528
2015-08-12,1.581,1.803
2015-08-13,1.595,0.8855
2015-08-14,1.598,0.1881
2015-08-17,1.611,0.8135
2015-08-18,1.603,-0.4966
2015-08-19,1.591,-0.7486
2015-08-20,1.545,-2.8913
2015-08-21,1.48,-4.2071
2015-08-24,1.423,-3.8514
2015-08-25,1.421,-0.1405
2015-08-26,1.487,4.6446
2015-08-27,1.525,2.5555
2015-08-28,1.525,0.0
2015-08-31,1.505,-1.3115
2015-09-01,1.456,-3.2558
2015-09-02,1.491,2.4038
2015-09-07,1.464,-1.8109
2015-09-08,1.503,2.6639
2015-09-09,1.485,-1.1976
2015-09-10,1.501,1.0774
2015-09-11,1.509,0.533
2015-09-14,1.503,-0.3976
2015-09-15,1.518,0.998
2015-09-16,1.53,0.7905
2015-09-17,1.53,0.0
2015-09-18,1.508,-1.4379
2015-09-21,1.515,0.4642
2015-09-22,1.495,-1.3201
2015-09-23,1.496,0.0669
2015-09-24,1.493,-0.2005
2015-09-25,1.48,-0.8707
2015-09-28,1.436,-2.973
2015-09-29,1.427,-0.6267
2015-09-30,1.461,2.3826
2015-10-08,1.522,4.1752
2015-10-09,1.527,0.3285
2015-10-12,1.531,0.262
2015-10-13,1.515,-1.0451
2015-10-14,1.516,0.066
2015-10-15,1.543,1.781
2015-10-16,1.552,0.5833
2015-10-19,1.564,0.7732
2015-10-20,1.558,-0.3836
2015-10-21,1.543,-0.9628
2015-10-22,1.573,1.9443
2015-10-23,1.618,2.8608
2015-10-26,1.625,0.4326
2015-10-27,1.625,0.0
2015-10-28,1.643,1.1077
2015-10-29,1.64,-0.1826
2015-10-30,1.631,-0.5488
2015-11-02,1.644,0.7971
2015-11-03,1.652,0.4866
2015-11-04,1.654,0.1211
2015-11-05,1.651,-0.1814
2015-11-06,1.657,0.3634
2015-11-09,1.641,-0.9656
2015-11-10,1.637,-0.2438
2015-11-11,1.636,-0.0611
2015-11-12,1.624,-0.7335
2015-11-13,1.593,-1.9089
2015-11-16,1.618,1.5694
2015-11-17,1.618,0.0
2015-11-18,1.65,1.9778
2015-11-19,1.653,0.1818
2015-11-20,1.664,0.6655
2015-11-23,1.663,-0.0601
2015-11-24,1.662,-0.0601
2015-11-25,1.664,0.1203
2015-11-26,1.664,0.0
2015-11-27,1.667,0.1803
2015-11-30,1.664,-0.18
2015-12-01,1.683,1.1418
2015-12-02,1.674,-0.5348
2015-12-03,1.647,-1.6129
2015-12-04,1.682,2.1251
2015-12-07,1.678,-0.2378
2015-12-08,1.68,0.1192
2015-12-09,1.656,-1.4286
2015-12-10,1.666,0.6039
2015-12-11,1.632,-2.0408
2015-12-14,1.647,0.9191
2015-12-15,1.659,0.7286
2015-12-16,1.684,1.5069
2015-12-17,1.665,-1.1283
2015-12-18,1.639,-1.5616
2015-12-21,1.654,0.9152
2015-12-22,1.663,0.5441
2015-12-23,1.674,0.6615
2015-12-24,1.674,0.0
2015-12-25,1.673,-0.0597
2015-12-28,1.672,-0.0598
2015-12-29,1.7,1.6746
2015-12-30,1.687,-0.7647
2015-12-31,1.67,-1.0077
2016-01-04,1.637,-1.976
2016-01-05,1.635,-0.1222
2016-01-06,1.623,-0.7339
2016-01-07,1.579,-2.711
2016-01-08,1.567,-0.76
2016-01-11,1.568,0.0638
2016-01-12,1.583,0.9566
2016-01-13,1.531,-3.2849
2016-01-14,1.563,2.0901
2016-01-15,1.517,-2.9431
2016-01-18,1.516,-0.0659
2016-01-19,1.52,0.2639
2016-01-20,1.512,-0.5263
2016-01-21,1.519,0.463
2016-01-22,1.559,2.6333
2016-01-25,1.536,-1.4753
2016-01-26,1.548,0.7813
2016-01-27,1.511,-2.3902
2016-01-28,1.528,1.1251
2016-01-29,1.562,2.2251
2016-02-01,1.566,0.2561
2016-02-02,1.531,-2.235
2016-02-03,1.525,-0.3919
2016-02-04,1.52,-0.3279
2016-02-05,1.47,-3.2895
2016-02-15,1.454,-1.0884
2016-02-16,1.488,2.3384
2016-02-17,1.524,2.4194
2016-02-18,1.507,-1.1155
2016-02-19,1.512,0.3318
2016-02-22,1.274,1.455
2016-02-23,1.256,-1.4129
2016-02-24,1.266,0.7962
2016-02-25,1.276,0.7899
2016-02-26,1.274,-0.1567
2016-02-29,1.266,-0.6279
2016-03-01,1.302,2.8436
2016-03-02,1.305,0.2304
2016-03-03,1.301,-0.3065
2016-03-04,1.306,0.3843
2016-03-07,1.295,-0.8423
2016-03-08,1.281,-1.0811
2016-03-09,1.291,0.7806
2016-03-10,1.289,-0.1549
2016-03-11,1.306,1.3189
2016-03-14,1.309,0.2297
2016-03-15,1.309,0.0
2016-03-16,1.324,1.1459
2016-03-17,1.322,-0.1511
2016-03-18,1.321,-0.0756
2016-03-21,1.327,0.4542
2016-03-22,1.336,0.6782
2016-03-23,1.324,-0.8982
2016-03-24,1.33,0.4532
2016-03-25,1.331,0.0752
2016-03-28,1.33,-0.0751
2016-03-29,1.346,1.203
2016-03-30,1.35,0.2972
2016-03-31,1.343,-0.5185
2016-04-01,1.356,0.968
2016-04-05,1.34,-1.1799
2016-04-06,1.364,1.791
2016-04-07,1.343,-1.5396
2016-04-08,1.344,0.0745
2016-04-11,1.338,-0.4464
2016-04-12,1.349,0.8221
2016-04-13,1.365,1.1861
2016-04-14,1.371,0.4396
2016-04-15,1.368,-0.2188
2016-04-18,1.371,0.2193
2016-04-19,1.362,-0.6565
2016-04-20,1.361,-0.0734
2016-04-21,1.364,0.2204
2016-04-22,1.348,-1.173
2016-04-25,1.352,0.2967
2016-04-26,1.341,-0.8136
2016-04-27,1.33,-0.8203
2016-04-28,1.317,-0.9774
2016-04-29,1.303,-1.063
2016-05-03,1.302,-0.0767
2016-05-04,1.301,-0.0768
2016-05-05,1.302,0.0769
2016-05-06,1.303,0.0768
2016-05-09,1.293,-0.7675
2016-05-10,1.319,2.0108
2016-05-11,1.303,-1.213
2016-05-12,1.29,-0.9977
2016-05-13,1.292,0.155
2016-05-16,1.311,1.4706
2016-05-17,1.292,-1.4493
2016-05-18,1.297,0.387
2016-05-19,1.295,-0.1542
2016-05-20,1.309,1.0811
2016-05-23,1.305,-0.3056
2016-05-24,1.333,2.1456
2016-05-25,1.346,0.9752
2016-05-26,1.347,0.0743
2016-05-27,1.353,0.4454
2016-05-30,1.358,0.3695
2016-05-31,1.362,0.2946
2016-06-01,1.363,0.0734
2016-06-02,1.361,-0.1467
2016-06-03,1.357,-0.2939
2016-06-06,1.356,-0.0737
2016-06-07,1.355,-0.0737
2016-06-08,1.356,0.0738
2016-06-13,1.328,-2.0649
2016-06-14,1.328,0.0
2016-06-15,1.328,0.0
2016-06-16,1.327,-0.0753
2016-06-17,1.314,-0.9797
2016-06-20,1.32,0.4566
2016-06-21,1.322,0.1515
2016-06-22,1.324,0.1513
2016-06-23,1.338,1.0574
2016-06-24,1.286,-3.8864
2016-06-27,1.272,-1.0886
2016-06-28,1.3,2.2013
2016-06-29,1.318,1.3846
2016-06-30,1.333,1.1381
2016-07-01,1.343,0.7502
2016-07-04,1.342,-0.0745
2016-07-05,1.337,-0.3726
2016-07-06,1.352,1.1219
2016-07-07,1.357,0.3698
2016-07-08,1.379,1.6212
2016-07-11,1.388,0.6526
2016-07-12,1.398,0.7205
2016-07-13,1.393,-0.3577
2016-07-14,1.406,0.9332
2016-07-15,1.403,-0.2134
2016-07-18,1.416,0.9266
2016-07-19,1.411,-0.3531
2016-07-20,1.428,1.2048
2016-07-21,1.423,-0.3501
2016-07-22,1.425,0.1405
2016-07-25,1.429,0.2807
2016-07-26,1.429,0.0
2016-07-27,1.437,0.5598
2016-07-28,1.441,0.2784
2016-07-29,1.442,0.0694
2016-08-01,1.445,0.208
2016-08-02,1.437,-0.5536
2016-08-03,1.436,-0.0696
2016-08-04,1.445,0.6267
2016-08-05,1.459,0.9689
2016-08-08,1.462,0.2056
2016-08-09,1.465,0.2052
2016-08-10,1.459,-0.4096
2016-08-11,1.459,0.0
2016-08-12,1.467,0.5483
2016-08-15,1.47,0.2045
2016-08-16,1.459,-0.7483
2016-08-17,1.456,-0.2056
2016-08-18,1.462,0.4121
2016-08-19,1.46,-0.1368
2016-08-22,1.47,0.6849
2016-08-23,1.472,0.1361
2016-08-24,1.457,-1.019
2016-08-25,1.459,0.1373
2016-08-26,1.459,0.0
2016-08-29,1.469,0.6854
2016-08-30,1.464,-0.3404
2016-08-31,1.464,0.0
2016-09-01,1.465,0.0683
2016-09-02,1.469,0.273
2016-09-06,1.476,0.0
2016-09-07,1.474,-0.1355
2016-09-08,1.467,-0.4749
2016-09-09,1.429,-2.5903
2016-09-12,1.462,2.3093
2016-09-13,1.445,-1.1628
2016-09-14,1.458,0.8997
2016-09-19,1.47,0.823
2016-09-20,1.468,-0.1361
2016-09-21,1.488,1.3624
2016-09-22,1.495,0.4704
2016-09-23,1.488,-0.4682
2016-09-26,1.475,-0.8737
2016-09-27,1.489,0.9492
2016-09-28,1.491,0.1343
2016-09-29,1.48,-0.7378
2016-09-30,1.494,0.9459
2016-10-11,1.484,0.0
2016-10-12,1.486,0.1348
2016-10-13,1.48,-0.4038
2016-10-14,1.48,0.0
2016-10-17,1.479,-0.0676
2016-10-18,1.492,0.879
2016-10-19,1.492,0.0
2016-10-20,1.491,-0.067
2016-10-21,1.502,0.7378
2016-10-24,1.524,1.4647
2016-10-25,1.519,-0.3281
2016-10-26,1.508,-0.7242
2016-10-27,1.5,-0.5305
2016-10-28,1.494,-0.4
2016-10-31,1.485,-0.6024
2016-11-01,1.475,-0.6734
2016-11-02,1.457,-1.2203
2016-11-03,1.441,-1.0981
2016-11-04,1.436,-0.347
2016-11-07,1.479,2.9944
2016-11-08,1.49,0.7437
2016-11-09,1.496,0.4027
2016-11-10,1.47,-1.738
2016-11-11,1.476,0.4082
2016-11-14,1.463,-0.8808
2016-11-15,1.488,1.7088
2016-11-16,1.499,0.7392
2016-11-17,1.512,0.8672
2016-11-18,1.509,-0.1984
2016-11-21,1.529,1.3254
2016-11-22,1.529,0.0
2016-11-23,1.525,-0.2616
2016-11-25,1.536,0.0
2016-11-28,1.529,-0.4557
2016-11-29,1.531,0.1308
2016-11-30,1.511,-1.3063
2016-12-01,1.488,-1.5222
2016-12-02,1.486,-0.1344
2016-12-05,1.5,0.9421
2016-12-06,1.497,-0.2
2016-12-07,1.522,1.67
2016-12-08,1.523,0.0657
2016-12-09,1.54,1.1162
2016-12-12,1.535,-0.3247
2016-12-13,1.552,1.1075
2016-12-14,1.55,-0.1289
2016-12-15,1.559,0.5806
2016-12-16,1.558,-0.0641
2016-12-19,1.56,0.1284
2016-12-20,1.57,0.641
2016-12-21,1.568,-0.1274
2016-12-22,1.562,-0.3827
2016-12-23,1.565,0.1921
2016-12-27,1.573,0.0
2016-12-28,1.561,-0.7629
2016-12-29,1.558,-0.1922
2016-12-30,1.538,-1.2837
2016-12-31,1.538,0.0
2017-01-03,1.555,1.1053
2017-01-04,1.564,0.5788
2017-01-05,1.567,0.1918
2017-01-06,1.566,-0.0638
2017-01-09,1.585,1.2133
2017-01-10,1.587,0.1262
2017-01-11,1.592,0.3151
2017-01-12,1.587,-0.3141
2017-01-13,1.587,0.0
2017-01-17,1.584,0.0
2017-01-18,1.577,-0.4419
2017-01-19,1.576,-0.0634
2017-01-20,1.583,0.4442
2017-01-23,1.58,-0.1895
2017-01-24,1.586,0.3797
2017-01-25,1.607,1.3241
2017-01-26,1.609,0.1245
2017-02-03,1.609,0.0
2017-02-06,1.612,0.1865
2017-02-07,1.618,0.3722
2017-02-08,1.627,0.5562
2017-02-09,1.629,0.1229
2017-02-10,1.637,0.4911
2017-02-13,1.648,0.672
2017-02-14,1.651,0.182
2017-02-15,1.657,0.3634
2017-02-16,1.656,-0.0604
2017-02-17,1.659,0.1812
2017-02-21,1.675,0.0
2017-02-22,1.677,0.1194
2017-02-23,1.667,-0.5963
2017-02-24,1.67,0.18
2017-02-27,1.675,0.2994
2017-02-28,1.668,-0.4179
2017-03-01,1.689,1.259
2017-03-02,1.68,-0.5329
2017-03-03,1.685,0.2976
2017-03-06,1.678,-0.4154
2017-03-07,1.68,0.1192
2017-03-08,1.684,0.2381
2017-03-09,1.688,0.2375
2017-03-10,1.695,0.4147
2017-03-13,1.694,-0.059
2017-03-14,1.693,-0.059
2017-03-15,1.704,0.6497
2017-03-16,1.696,-0.4695
2017-03-17,1.695,-0.059
2017-03-20,1.7,0.295
2017-03-21,1.676,-1.4118
2017-03-22,1.683,0.4177
2017-03-23,1.678,-0.2971
2017-03-24,1.68,0.1192
2017-03-27,1.68,0.0
2017-03-28,1.692,0.7143
2017-03-29,1.702,0.591
2017-03-30,1.705,0.1763
2017-03-31,1.706,0.0587
2017-04-05,1.699,-0.4103
2017-04-06,1.7,0.0589
2017-04-07,1.7,0.0
2017-04-10,1.703,0.1765
2017-04-11,1.694,-0.5285
2017-04-12,1.687,-0.4132
2017-04-13,1.672,-0.8892
2017-04-17,1.689,0.0
2017-04-18,1.689,0.0
2017-04-19,1.687,-0.1184
2017-04-20,1.703,0.9484
2017-04-21,1.703,0.0
2017-04-24,1.72,0.9982
2017-04-25,1.736,0.9302
2017-04-26,1.734,-0.1152
2017-04-27,1.745,0.6344
2017-04-28,1.75,0.2865
2017-05-02,1.769,1.0857
2017-05-03,1.762,-0.3957
2017-05-04,1.764,0.1135
2017-05-05,1.768,0.2268
2017-05-08,1.774,0.3394
2017-05-09,1.782,0.451
2017-05-10,1.784,0.1122
2017-05-11,1.782,-0.1121
2017-05-12,1.783,0.0561
2017-05-15,1.786,0.1683
2017-05-16,1.792,0.3359
2017-05-17,1.743,-2.7344
2017-05-18,1.756,0.7458
2017-05-19,1.769,0.7403
2017-05-22,1.781,0.6783
2017-05-23,1.782,0.0561
2017-05-24,1.793,0.6173
2017-05-25,1.806,0.725
2017-05-26,1.81,0.2215
2017-05-31,1.808,-0.1105
2017-06-01,1.802,-0.3319
2017-06-02,1.822,1.1099
2017-06-05,1.817,-0.2744
2017-06-06,1.81,-0.3853
2017-06-07,1.815,0.2762
2017-06-08,1.818,0.1653
2017-06-09,1.774,-2.4202
2017-06-12,1.763,-0.6201
2017-06-13,1.777,0.7941
2017-06-14,1.769,-0.4502
2017-06-15,1.758,-0.6218
2017-06-16,1.755,-0.1706
2017-06-19,1.783,1.5954
2017-06-20,1.772,-0.6169
2017-06-21,1.792,1.1287
2017-06-22,1.791,-0.0558
2017-06-23,1.8,0.5025
2017-06-26,1.791,-0.5
2017-06-27,1.759,-1.7867
2017-06-28,1.779,1.137
2017-06-29,1.744,-1.9674
2017-06-30,1.738,-0.344
2017-07-03,1.722,-0.9206
2017-07-05,1.743,0.0
2017-07-06,1.727,-0.918
2017-07-07,1.745,1.0423
2017-07-10,1.758,0.745
2017-07-11,1.763,0.2844
2017-07-12,1.782,1.0777
2017-07-13,1.785,0.1684
2017-07-14,1.798,0.7283
2017-07-17,1.793,-0.2781
2017-07-18,1.807,0.7808
2017-07-19,1.814,0.3874
2017-07-20,1.816,0.1103
2017-07-21,1.815,-0.0551
2017-07-24,1.821,0.3306
2017-07-25,1.819,-0.1098
2017-07-26,1.827,0.4398
2017-07-27,1.81,-0.9305
2017-07-28,1.809,-0.0552
2017-07-31,1.798,-0.6081
2017-08-01,1.799,0.0556
2017-08-02,1.806,0.3891
2017-08-03,1.799,-0.3876
2017-08-04,1.8,0.0556
2017-08-07,1.813,0.7222
2017-08-08,1.809,-0.2206
2017-08-09,1.804,-0.2764
2017-08-10,1.755,-2.7162
2017-08-11,1.766,0.6268
2017-08-14,1.789,1.3024
2017-08-15,1.792,0.1677
2017-08-16,1.798,0.3348
2017-08-17,1.757,-2.2803
2017-08-18,1.756,-0.0569
2017-08-21,1.754,-0.1139
2017-08-22,1.779,1.4253
2017-08-23,1.772,-0.3935
2017-08-24,1.764,-0.4515
2017-08-25,1.762,-0.1134
2017-08-28,1.761,-0.0568
2017-08-29,1.767,0.3407
2017-08-30,1.784,0.9621
2017-08-31,1.799,0.8408
2017-09-01,1.796,-0.1668
2017-09-05,1.764,0.0
2017-09-06,1.768,0.2268
2017-09-07,1.771,0.1697
2017-09-08,1.749,-1.2422
2017-09-11,1.768,1.0863
2017-09-12,1.78,0.6787
2017-09-13,1.785,0.2809
2017-09-14,1.777,-0.4482
2017-09-15,1.781,0.2251
2017-09-18,1.779,-0.1123
2017-09-19,1.785,0.3373
2017-09-20,1.783,-0.112
2017-09-21,1.777,-0.3365
2017-09-22,1.776,-0.0563
2017-09-25,1.759,-0.9572
2017-09-26,1.767,0.4548
2017-09-27,1.786,1.0753
2017-09-28,1.787,0.056
2017-09-29,1.803,0.8954
2017-10-09,1.831,1.553
2017-10-10,1.827,-0.2185
2017-10-11,1.821,-0.3284
2017-10-12,1.816,-0.2746
2017-10-13,1.825,0.4956
2017-10-16,1.831,0.3288
2017-10-17,1.834,0.1638
2017-10-18,1.834,0.0
2017-10-19,1.83,-0.2181
2017-10-20,1.835,0.2732
2017-10-23,1.825,-0.545
2017-10-24,1.831,0.3288
2017-10-25,1.825,-0.3277
2017-10-26,1.819,-0.3288
2017-10-27,1.876,3.1336
2017-10-30,1.88,0.2132
2017-10-31,1.884,0.2128
2017-11-01,1.881,-0.1592
2017-11-02,1.875,-0.319
2017-11-03,1.889,0.7467
2017-11-06,1.899,0.5294
2017-11-07,1.9,0.0527
2017-11-08,1.909,0.4737
2017-11-09,1.9,-0.4715
2017-11-10,1.899,-0.0526
2017-11-13,1.903,0.2106
2017-11-14,1.897,-0.3153
2017-11-15,1.884,-0.6853
2017-11-16,1.909,1.327
2017-11-17,1.901,-0.4191
2017-11-20,1.9,-0.0526
2017-11-21,1.922,1.1579
2017-11-22,1.923,0.052
2017-11-24,1.916,0.0
2017-11-27,1.917,0.0522
2017-11-28,1.923,0.313
2017-11-29,1.892,-1.6121
2017-11-30,1.908,0.8457
2017-12-01,1.902,-0.3145
2017-12-04,1.882,-1.0515
2017-12-05,1.883,0.0531
2017-12-06,1.892,0.478
2017-12-07,1.899,0.37
2017-12-08,1.907,0.4213
2017-12-11,1.92,0.6817
2017-12-12,1.917,-0.1563
2017-12-13,1.923,0.313
2017-12-14,1.915,-0.416
2017-12-15,1.941,1.3577
2017-12-18,1.956,0.7728
2017-12-19,1.944,-0.6135
2017-12-20,1.941,-0.1543
2017-12-21,1.933,-0.4122
2017-12-22,1.931,-0.1035
2017-12-26,1.91,0.0
2017-12-27,1.91,0.0
2017-12-28,1.911,0.0524
2017-12-29,1.893,-0.9419
2017-12-31,1.892,0.0
2018-01-02,1.921,1.4791
2018-01-03,1.937,0.8329
2018-01-04,1.944,0.3614
2018-01-05,1.962,0.9259
2018-01-08,1.966,0.2039
2018-01-09,1.97,0.2035
2018-01-10,1.973,0.1523
2018-01-11,1.986,0.6589
2018-01-12,1.995,0.4532
2018-01-16,1.972,0.0
2018-01-17,1.993,1.0649
2018-01-18,1.994,0.0502
2018-01-19,1.995,0.0502
2018-01-22,2.016,1.0526
2018-01-23,2.029,0.6448
2018-01-24,2.014,-0.7393
2018-01-25,2.007,-0.3476
2018-01-26,2.03,1.146
2018-01-29,2.015,-0.7389
2018-01-30,2.0,-0.7444
2018-01-31,2.006,0.3
2018-02-01,1.983,-1.1466
2018-02-02,1.939,-2.2189
2018-02-05,1.864,-3.868
2018-02-06,1.918,2.897
2018-02-07,1.887,-1.6163
2018-02-08,1.806,-4.2925
2018-02-09,1.848,2.3256
2018-02-12,1.875,1.461
2018-02-13,1.892,0.9067
2018-02-14,1.937,2.3784
2018-02-22,1.967,1.5488
2018-02-23,2.007,2.0336
2018-02-26,2.031,1.1958
2018-02-27,1.998,-1.6248
2018-02-28,1.988,-0.5005
2018-03-01,1.958,-1.5091
2018-03-02,1.975,0.8682
2018-03-05,1.999,1.2152
2018-03-06,2.007,0.4002
2018-03-07,2.009,0.0997
2018-03-08,2.019,0.4978
2018-03-09,2.066,2.3279
2018-03-12,2.071,0.242
2018-03-13,2.043,-1.352
2018-03-14,2.04,-0.1468
2018-03-15,2.036,-0.1961
2018-03-16,2.04,0.1965
2018-03-19,2.001,-1.9118
2018-03-20,2.003,0.1
2018-03-21,1.999,-0.1997
2018-03-22,1.941,-2.9015
2018-03-23,1.896,-2.3184
2018-03-26,1.964,3.5865
2018-03-27,1.887,-3.9206
2018-03-28,1.865,-1.1659
2018-03-29,1.907,2.252
2018-04-02,1.846,0.0
2018-04-03,1.869,1.2459
2018-04-04,1.902,1.7657
2018-04-09,1.882,-1.0515
2018-04-10,1.922,2.1254
2018-04-11,1.908,-0.7284
2018-04-12,1.927,0.9958
2018-04-13,1.92,-0.3633
2018-04-16,1.934,0.7292
2018-04-17,1.971,1.9131
2018-04-18,1.977,0.3044
2018-04-19,1.96,-0.8599
2018-04-20,1.931,-1.4796
2018-04-23,1.93,-0.0518
2018-04-24,1.895,-1.8135
2018-04-25,1.893,-0.1055
2018-04-26,1.94,2.4828
2018-04-27,1.942,0.1031
2018-05-02,1.945,0.1545
2018-05-03,1.948,0.1542
2018-05-04,1.978,1.54
2018-05-07,1.995,0.8595
2018-05-08,1.996,0.0501
2018-05-09,2.02,1.2024
2018-05-10,2.042,1.0891
2018-05-11,2.032,-0.4897
2018-05-14,2.03,-0.0984
2018-05-15,2.012,-0.8867
2018-05-16,2.034,1.0934
2018-05-17,2.023,-0.5408
2018-05-18,2.016,-0.346
2018-05-21,2.03,0.6944
2018-05-22,2.025,-0.2463
2018-05-23,2.041,0.7901
2018-05-24,2.041,0.0
2018-05-25,2.046,0.245
2018-05-29,2.041,0.0
2018-05-30,2.061,0.9799
2018-05-31,2.057,-0.1941
2018-06-01,2.088,1.507
2018-06-04,2.109,1.0057
2018-06-05,2.115,0.2845
2018-06-06,2.123,0.3783
2018-06-07,2.103,-0.9421
2018-06-08,2.105,0.0951
2018-06-11,2.111,0.285
2018-06-12,2.124,0.6158
2018-06-13,2.124,0.0
2018-06-14,2.141,0.8004
2018-06-15,2.144,0.1401
2018-06-19,2.133,-0.5131
2018-06-20,2.16,1.2658
2018-06-21,2.143,-0.787
2018-06-22,2.14,-0.14
2018-06-25,2.094,-2.1495
2018-06-26,2.112,0.8596
2018-06-27,2.093,-0.8996
2018-06-28,2.124,1.4811
2018-06-29,2.133,0.4237
2018-06-30,2.133,0.0
2018-07-02,2.15,0.797
2018-07-03,2.134,-0.7442
2018-07-05,2.152,0.0
2018-07-06,2.191,1.8123
2018-07-09,2.215,1.0954
2018-07-10,2.212,-0.1354
2018-07-11,2.198,-0.6329
2018-07-12,2.253,2.5023
2018-07-13,2.256,0.1332
2018-07-16,2.246,-0.4433
2018-07-17,2.268,0.9795
2018-07-18,2.266,-0.0882
2018-07-19,2.259,-0.3089
2018-07-20,2.275,0.7083
2018-07-23,2.284,0.3956
2018-07-24,2.301,0.7443
2018-07-25,2.334,1.4342
2018-07-26,2.294,-1.7138
2018-07-27,2.261,-1.4385
2018-07-30,2.228,-1.4595
2018-07-31,2.242,0.6284
2018-08-01,2.259,0.7583
2018-08-02,2.283,1.0624
2018-08-03,2.301,0.7884
2018-08-06,2.323,0.9561
2018-08-07,2.33,0.3013
2018-08-08,2.328,-0.0858
2018-08-09,2.327,-0.043
2018-08-10,2.312,-0.6446
2018-08-13,2.315,0.1298
2018-08-14,2.333,0.7775
2018-08-15,2.308,-1.0716
2018-08-16,2.315,0.3033
2018-08-17,2.313,-0.0864
2018-08-20,2.306,-0.3026
2018-08-21,2.305,-0.0434
2018-08-22,2.314,0.3905
2018-08-23,2.312,-0.0864
2018-08-24,2.346,1.4706
2018-08-27,2.365,0.8099
2018-08-28,2.355,-0.4228
2018-08-29,2.384,1.2314
2018-08-30,2.379,-0.2097
2018-08-31,2.387,0.3363
2018-09-04,2.374,0.0
2018-09-05,2.341,-1.3901
2018-09-06,2.317,-1.0252
2018-09-07,2.31,-0.3021
2018-09-10,2.321,0.4762
2018-09-11,2.34,0.8186
2018-09-12,2.334,-0.2564
2018-09-13,2.355,0.8997
2018-09-14,2.347,-0.3397
2018-09-17,2.315,-1.3634
2018-09-18,2.336,0.9071
2018-09-19,2.335,-0.0428
2018-09-20,2.36,1.0707
2018-09-21,2.341,-0.8051
2018-09-25,2.355,0.598
2018-09-26,2.358,0.1274
2018-09-27,2.382,1.0178
2018-09-28,2.385,0.1259
2018-10-08,2.299,-3.6059
2018-10-09,2.307,0.348
2018-10-10,2.202,-4.5514
2018-10-11,2.181,-0.9537
2018-10-12,2.241,2.751
2018-10-15,2.213,-1.2494
2018-10-16,2.281,3.0728
2018-10-17,2.28,-0.0438
2018-10-18,2.233,-2.0614
2018-10-19,2.233,0.0
2018-10-22,2.239,0.2687
2018-10-23,2.2354,-0.1608
2018-10-24,2.1324,-4.6077
2018-10-25,2.2017,3.2499
2018-10-26,2.1552,-2.112
2018-10-29,2.1049,-2.3339
2018-10-30,2.1428,1.8006
2018-10-31,2.1965,2.5061
2018-11-01,2.231,1.5707
2018-11-02,2.1867,-1.9857
2018-11-05,2.1651,-0.9878
2018-11-06,2.1858,0.9561
2018-11-07,2.2548,3.1567
2018-11-08,2.2443,-0.4657
2018-11-09,2.2102,-1.5194
2018-11-12,2.1469,-2.864
2018-11-13,2.1524,0.2562
2018-11-14,2.1259,-1.2312
2018-11-15,2.1656,1.8674
2018-11-16,2.1577,-0.3648
2018-11-19,2.0815,-3.5315
2018-11-20,2.0445,-1.7776
2018-11-21,2.065,1.0027
2018-11-23,2.0452,0.0
2018-11-26,2.0983,2.5963
2018-11-27,2.1066,0.3956
2018-11-28,2.1773,3.3561
2018-11-29,2.1665,-0.496
2018-11-30,2.1845,0.8308
2018-12-03,2.2241,1.8128
2018-12-04,2.1206,-4.6536
2018-12-06,2.124,0.0
2018-12-07,2.0532,-3.3333
2018-12-10,2.0769,1.1543
2018-12-11,2.0926,0.7559
2018-12-12,2.1139,1.0179
2018-12-13,2.1058,-0.3832
2018-12-14,2.0497,-2.6641
2018-12-17,2.0072,-2.0735
2018-12-18,2.0183,0.553
2018-12-19,1.9732,-2.2346
2018-12-20,1.945,-1.4292
2018-12-21,1.8775,-3.4704
2018-12-24,1.8342,-2.3063
2018-12-26,1.9464,0.0
2018-12-27,1.9593,0.6628
2018-12-28,1.9491,-0.5206
2018-12-31,1.9646,0.0
2019-01-02,1.9689,1.0159
2019-01-03,1.9075,-3.1185
2019-01-04,1.992,4.4299
2019-01-07,2.0104,0.9237
2019-01-08,2.0269,0.8207
2019-01-09,2.0459,0.9374
2019-01-10,2.0412,-0.2297
2019-01-11,2.0277,-0.6614
2019-01-14,1.9983,-1.4499
2019-01-15,2.0376,1.9667
2019-01-16,2.0392,0.0785
2019-01-17,2.0541,0.7307
2019-01-18,2.077,1.1148
2019-01-22,2.0395,0.0
2019-01-23,2.0465,0.3432
2019-01-24,2.0541,0.3714
2019-01-25,2.0854,1.5238
2019-01-28,2.0432,-2.0236
2019-01-29,2.02,-1.1355
2019-01-30,2.074,2.6733
2019-01-31,2.0939,0.9595
2019-02-01,2.0859,-0.3821
2019-02-11,2.1095,1.1314
2019-02-12,2.1495,1.8962
2019-02-13,2.147,-0.1163
2019-02-14,2.1513,0.2003
2019-02-15,2.1576,0.2928
2019-02-19,2.1613,0.0
2019-02-20,2.1585,-0.1296
2019-02-21,2.1399,-0.8617
2019-02-22,2.1543,0.6729
2019-02-25,2.1611,0.3156
2019-02-26,2.1575,-0.1666
2019-02-27,2.153,-0.2086
2019-02-28,2.1488,-0.1951
2019-03-01,2.167,0.847
2019-03-04,2.1691,0.0969
2019-03-05,2.1699,0.0369
2019-03-06,2.1577,-0.5622
2019-03-07,2.133,-1.1447
2019-03-08,2.1335,0.0234
2019-03-11,2.1776,2.067
2019-03-12,2.1868,0.4225
2019-03-13,2.2037,0.7728
2019-03-14,2.1952,-0.3857
2019-03-15,2.2206,1.1571
2019-03-18,2.2237,0.1396
2019-03-19,2.23,0.2833
2019-03-20,2.2411,0.4978
2019-03-21,2.2671,1.1601
2019-03-22,2.219,-2.1217
2019-03-25,2.2209,0.0856
2019-03-26,2.2296,0.3917
2019-03-27,2.2197,-0.444
2019-03-28,2.2277,0.3604
2019-03-29,2.2477,0.8978
2019-04-01,2.2735,1.1478
2019-04-02,2.2791,0.2463
2019-04-03,2.2948,0.6889
2019-04-04,2.2891,-0.2484
2019-04-08,2.3121,1.0048
2019-04-09,2.3009,-0.4844
2019-04-10,2.3131,0.5302
2019-04-11,2.3069,-0.268
2019-04-12,2.3238,0.7326
2019-04-15,2.3203,-0.1506
2019-04-16,2.3274,0.306
2019-04-17,2.3358,0.3609
2019-04-18,2.332,-0.1627
2019-04-19,2.3365,0.193
2019-04-22,2.3431,0.2825
2019-04-23,2.375,1.3614
2019-04-24,2.3723,-0.1137
2019-04-25,2.384,0.4932
2019-04-26,2.388,0.1678
2019-04-29,2.3907,0.1131
2019-04-30,2.3731,-0.7362
2019-05-06,2.3786,0.2318
2019-05-07,2.3411,-1.5766
2019-05-08,2.3337,-0.3161
2019-05-09,2.3247,-0.3857
2019-05-10,2.3352,0.4517
2019-05-13,2.2529,-3.5243
2019-05-14,2.2919,1.7311
2019-05-15,2.3345,1.8587
2019-05-16,2.3602,1.1009
2019-05-17,2.3416,-0.7881
2019-05-20,2.3057,-1.5331
2019-05-21,2.3292,1.0192
2019-05-22,2.3195,-0.4165
2019-05-23,2.2836,-1.5477
2019-05-24,2.2816,-0.0876
2019-05-27,2.2791,-0.1096
2019-05-28,2.2734,-0.2501
2019-05-29,2.254,-0.8533
2019-05-30,2.2637,0.4303
2019-05-31,2.2263,-1.6522
2019-06-03,2.1762,-2.2504
2019-06-04,2.2338,2.6468
2019-06-05,2.2539,0.8998
2019-06-06,2.273,0.8474
2019-06-10,2.3426,3.062
2019-06-11,2.346,0.1451
2019-06-12,2.333,-0.5541
2019-06-13,2.3467,0.5872
2019-06-14,2.3363,-0.4432
2019-06-17,2.3509,0.6249
2019-06-18,2.3845,1.4292
2019-06-19,2.3929,0.3523
2019-06-20,2.4116,0.7815
2019-06-21,2.3966,-0.622
2019-06-24,2.396,-0.025
2019-06-25,2.3579,-1.5902
2019-06-26,2.373,0.6404
2019-06-27,2.385,0.5057
2019-06-28,2.3878,0.1174
2019-06-30,2.3877,0.0
2019-07-01,2.4166,1.2061
2019-07-02,2.4198,0.1324
2019-07-03,2.4422,0.9257
2019-07-04,2.4444,0.0901
2019-07-05,2.4386,-0.2373
2019-07-08,2.4275,-0.4552
2019-07-09,2.4392,0.482
2019-07-10,2.4631,0.9798
2019-07-11,2.4546,-0.3451
2019-07-12,2.4684,0.5622
2019-07-15,2.4761,0.3119
2019-07-16,2.4649,-0.4523
2019-07-17,2.4565,-0.3408
2019-07-18,2.4597,0.1303
2019-07-19,2.4337,-1.057
2019-07-22,2.4593,1.0519
2019-07-23,2.4763,0.6913
2019-07-24,2.4943,0.7269
2019-07-25,2.4668,-1.1025
2019-07-26,2.4937,1.0905
2019-07-29,2.4868,-0.2767
2019-07-30,2.477,-0.3941
2019-07-31,2.4453,-1.2798
2019-08-01,2.4335,-0.4826
2019-08-02,2.4023,-1.2821
2019-08-05,2.323,-3.301
2019-08-06,2.3721,2.1136
2019-08-07,2.3912,0.8052
2019-08-08,2.4472,2.3419
2019-08-09,2.4271,-0.8213
2019-08-12,2.4026,-1.0094
2019-08-13,2.4585,2.3266
2019-08-14,2.3842,-3.0222
2019-08-15,2.3811,-0.13
2019-08-16,2.4195,1.6127
2019-08-19,2.4568,1.5416
2019-08-20,2.4429,-0.5658
2019-08-21,2.4639,0.8596
2019-08-22,2.4575,-0.2598
2019-08-23,2.3853,-2.9379
2019-08-26,2.419,1.4128
2019-08-27,2.4233,0.1778
2019-08-28,2.4318,0.3508
2019-08-29,2.4683,1.5009
2019-08-30,2.4652,-0.1256
2019-09-02,2.4651,-0.0041
2019-09-03,2.4398,-1.0263
2019-09-04,2.4741,1.4059
2019-09-05,2.5181,1.7784
2019-09-06,2.5155,-0.1033
2019-09-09,2.5088,-0.2663
2019-09-10,2.503,-0.2312
2019-09-11,2.5266,0.9429
2019-09-12,2.5364,0.3879
2019-09-16,2.5087,-1.0921
2019-09-17,2.5224,0.5461
2019-09-18,2.5223,-0.004
2019-09-19,2.5255,0.1269
2019-09-20,2.5006,-0.9859
2019-09-23,2.4998,-0.032
2019-09-24,2.4655,-1.3721
2019-09-25,2.4945,1.1762
2019-09-26,2.4842,-0.4129
2019-09-27,2.4561,-1.1311
2019-09-30,2.4773,0.8632
2019-10-08,2.4314,-1.8528
2019-10-09,2.4582,1.1022
2019-10-10,2.4741,0.6468
2019-10-11,2.5064,1.3055
2019-10-14,2.5055,-0.0359
2019-10-15,2.536,1.2173
2019-10-16,2.5308,-0.205
2019-10-17,2.5388,0.3161
2019-10-18,2.5123,-1.0438
2019-10-21,2.5343,0.8757
2019-10-22,2.5136,-0.8168
2019-10-23,2.5215,0.3143
2019-10-24,2.5429,0.8487
2019-10-25,2.5648,0.8612
2019-10-28,2.5899,0.9786
2019-10-29,2.5652,-0.9537
2019-10-30,2.5757,0.4093
2019-10-31,2.5741,-0.0621
2019-11-01,2.5953,0.8236
2019-11-04,2.609,0.5279
2019-11-05,2.6087,-0.0115
2019-11-06,2.594,-0.5635
2019-11-07,2.5994,0.2082
2019-11-08,2.6089,0.3655
2019-11-11,2.6041,-0.184
2019-11-12,2.6131,0.3456
2019-11-13,2.6147,0.0612
2019-11-14,2.6155,0.0306
2019-11-15,2.6331,0.6729
2019-11-18,2.6354,0.0873
2019-11-19,2.6381,0.1025
2019-11-20,2.6253,-0.4852
2019-11-21,2.6238,-0.0571
2019-11-22,2.6289,0.1944
2019-11-25,2.6617,1.2477
2019-11-26,2.6644,0.1014
2019-11-27,2.6821,0.6643
2019-11-28,2.6794,-0.1007
2019-11-29,2.6681,-0.4217
2019-12-02,2.6388,-1.0982
2019-12-03,2.6207,-0.6859
2019-12-04,2.6387,0.6868
2019-12-05,2.6477,0.3411
2019-12-06,2.6701,0.846
2019-12-09,2.6595,-0.397
2019-12-10,2.6576,-0.0714
2019-12-11,2.6715,0.523
2019-12-12,2.6862,0.5503
2019-12-13,2.6894,0.1191
2019-12-16,2.7055,0.5986
2019-12-17,2.7086,0.1146
2019-12-18,2.7095,0.0332
2019-12-19,2.7286,0.7049
2019-12-20,2.7398,0.4105
2019-12-23,2.7489,0.3321
2019-12-24,2.7497,0.0291
2019-12-25,2.7478,-0.0691
2019-12-26,2.7629,0.5495
2019-12-27,2.7632,0.0109
2019-12-30,2.7424,-0.7528
2019-12-31,2.7479,0.2006
2020-01-02,2.7864,1.4011
2020-01-03,2.7642,-0.7967
2020-01-06,2.7818,0.6367
2020-01-07,2.7804,-0.0503
2020-01-08,2.7923,0.428
2020-01-09,2.8172,0.8917
2020-01-10,2.8047,-0.4437
2020-01-13,2.8335,1.0268
2020-01-14,2.8115,-0.7764
2020-01-15,2.8078,-0.1316
2020-01-16,2.8327,0.8868
2020-01-17,2.8494,0.5895
2020-01-20,2.8418,-0.2667
2020-01-21,2.8371,-0.1654
2020-01-22,2.8507,0.4794
2020-01-23,2.8592,0.0
2020-02-03,2.8425,-0.5841
2020-02-04,2.9278,3.0009
2020-02-05,2.94,0.4167
2020-02-06,2.9716,1.0748
2020-02-07,2.9499,-0.7302
2020-02-10,2.9892,1.3322
2020-02-11,2.9893,0.0033
2020-02-12,3.0119,0.756
2020-02-13,3.0082,-0.1228
2020-02-14,3.018,0.3258
2020-02-17,3.0158,-0.0729
2020-02-18,3.0182,0.0796
2020-02-19,3.0542,1.1928
2020-02-20,3.0253,-0.9462
2020-02-21,2.9749,-1.666
2020-02-24,2.8592,-3.8892
2020-02-25,2.7811,-2.7315
2020-02-26,2.7887,0.2733
2020-02-27,2.6479,-5.0489
2020-02-28,2.6504,0.0944
2020-03-02,2.7741,4.6672
2020-03-03,2.6704,-3.7381
2020-03-04,2.7822,4.1866
2020-03-05,2.6886,-3.3642
2020-03-06,2.6413,-1.7593
2020-03-09,2.4522,-7.1594
2020-03-10,2.5938,5.7744
2020-03-11,2.4846,-4.21
2020-03-12,2.2429,-9.7279
2020-03-13,2.4934,11.1686
2020-03-16,2.1736,-12.8259
2020-03-17,2.3186,6.671
2020-03-18,2.2358,-3.5711
2020-03-19,2.2747,1.7399
2020-03-20,2.1964,-3.4422
2020-03-23,2.1965,0.0046
2020-03-24,2.3724,8.0082
2020-03-25,2.3379,-1.4542
2020-03-26,2.4664,5.4964
2020-03-27,2.3637,-4.164
2020-03-30,2.4557,3.8922
2020-03-31,2.4472,-0.3461
2020-04-01,2.3444,-4.2007
2020-04-02,2.3988,2.3204
2020-04-03,2.3697,-1.2131
2020-04-07,2.522,6.427
2020-04-08,2.5608,1.5385
2020-04-09,2.5666,0.2265
2020-04-10,2.5599,-0.261
2020-04-13,2.5876,1.0821
2020-04-14,2.7034,4.4752
2020-04-15,2.6724,-1.1467
2020-04-16,2.7342,2.3125
2020-04-17,2.7558,0.79
2020-04-20,2.7199,-1.3027
2020-04-21,2.6264,-3.4376
2020-04-22,2.7098,3.1754
2020-04-23,2.7024,-0.2731
2020-04-24,2.7448,1.569
2020-04-27,2.7553,0.3825
2020-04-28,2.7071,-1.7494
2020-04-29,2.8022,3.513
2020-04-30,2.804,0.0642
2020-05-06,2.8008,-0.1141
2020-05-07,2.8471,1.6531
2020-05-08,2.8792,1.1275
2020-05-11,2.9021,0.7954
2020-05-12,2.8509,-1.7642
2020-05-13,2.8154,-1.2452
2020-05-14,2.8468,1.1153
2020-05-15,2.8631,0.5726
2020-05-18,2.9227,2.0817
2020-05-19,2.9078,-0.5098
2020-05-20,2.9698,2.1322
2020-05-21,2.9329,-1.2425
2020-05-22,2.9461,0.4501
2020-05-25,2.9572,0.3768
2020-05-26,2.9538,-0.115
2020-05-27,2.9614,0.2573
2020-05-28,2.9619,0.0169
2020-05-29,3.0038,1.4146
2020-06-01,3.016,0.4062
2020-06-02,3.0279,0.3946
2020-06-03,3.0379,0.3303
2020-06-04,3.0142,-0.7801
2020-06-05,3.0731,1.9541
2020-06-08,3.0926,0.6345
2020-06-09,3.1091,0.5335
2020-06-10,3.1493,1.293
2020-06-11,2.9874,-5.1408
2020-06-12,3.0203,1.1013
2020-06-15,3.0571,1.2184
2020-06-16,3.1063,1.6094
2020-06-17,3.1214,0.4861
2020-06-18,3.1298,0.2691
2020-06-19,3.1276,-0.0703
2020-06-22,3.1653,1.2054
2020-06-23,3.1826,0.5466
2020-06-24,3.1154,-2.1115
2020-06-29,3.1122,-0.1027
2020-06-30,3.1706,1.8765
2020-07-01,3.2047,1.0755
2020-07-02,3.2179,0.4119
2020-07-03,3.2209,0.0932
2020-07-06,3.3021,2.521
2020-07-07,3.2617,-1.2235
2020-07-08,3.3006,1.1926
2020-07-09,3.3213,0.6272
2020-07-10,3.3398,0.557
2020-07-13,3.2716,-2.042
2020-07-14,3.2973,0.7855
2020-07-15,3.3006,0.1001
2020-07-16,3.2721,-0.8635
2020-07-17,3.2848,0.3881
2020-07-20,3.3744,2.7277
2020-07-21,3.336,-1.138
2020-07-22,3.3373,0.039
2020-07-23,3.2585,-2.3612
2020-07-24,3.2305,-0.8593
2020-07-27,3.2916,1.8913
2020-07-28,3.2429,-1.4795
2020-07-29,3.2855,1.3136
2020-07-30,3.3009,0.4687
2020-07-31,3.3578,1.7238
2020-08-03,3.4077,1.4861
2020-08-04,3.4112,0.1027
2020-08-05,3.4176,0.1876
2020-08-06,3.4496,0.9363
2020-08-07,3.4095,-1.1625
2020-08-10,3.4061,-0.0997
2020-08-11,3.3467,-1.7439
2020-08-12,3.4249,2.3366
2020-08-13,3.4239,-0.0292
2020-08-14,3.418,-0.1723
2020-08-17,3.4509,0.9626
2020-08-18,3.484,0.9592
2020-08-19,3.4539,-0.8639
2020-08-20,3.5063,1.5171
2020-08-21,3.5236,0.4934
2020-08-24,3.5509,0.77
2020-08-25,3.578,0.76
2020-08-26,3.6484,1.97
2020-08-27,3.6258,-0.62
2020-08-28,3.6442,0.51
2020-08-31,3.6628,0.51
2020-09-01,3.7104,1.3
2020-09-02,3.742,0.85
2020-09-03,3.5469,-5.21
2020-09-04,3.503,-1.24
2020-09-07,3.504,0.03
2020-09-08,3.3411,-4.65
2020-09-09,3.4392,2.94
2020-09-10,3.3624,-2.23
2020-09-11,3.3438,-0.55
2020-09-14,3.3961,1.56
2020-09-15,3.4369,1.2
2020-09-16,3.361,-2.21
2020-09-17,3.3045,-1.68
2020-09-18,3.2564,-1.46
2020-09-21,3.2695,0.4
2020-09-22,3.3423,2.23
2020-09-23,3.2425,-2.99
2020-09-24,3.2642,0.67
2020-09-25,3.3441,2.45
2020-09-28,3.416,2.15
2020-09-29,3.3993,-0.49
2020-09-30,3.4235,0.71
2020-10-09,3.4989,2.2
2020-10-12,3.5763,2.21
2020-10-13,3.5813,0.14
2020-10-14,3.5607,-0.58
2020-10-15,3.5292,-0.88
2020-10-16,3.511,-0.52
2020-10-19,3.431,-2.28
2020-10-20,3.4402,0.27
2020-10-21,3.4314,-0.26
2020-10-22,3.4176,-0.4
2020-10-23,3.4335,0.47
2020-10-26,3.3794,-1.58
2020-10-27,3.4215,1.25
2020-10-28,3.2944,-3.71
2020-10-29,3.3611,2.02
2020-10-30,3.2714,-2.67
2020-11-02,3.27,-0.04
2020-11-03,3.3221,1.59
2020-11-04,3.4614,4.19
2020-11-05,3.5586,2.81
2020-11-06,3.5307,-0.78
2020-11-09,3.4483,-2.33
2020-11-10,3.3783,-2.03
2020-11-11,3.4629,2.5
2020-11-12,3.4512,-0.34
2020-11-13,3.4855,0.99
2020-11-16,3.4951,0.28
2020-11-17,3.4696,-0.73
2020-11-18,3.4369,-0.94
2020-11-19,3.4565,0.57
2020-11-20,3.4472,-0.27
2020-11-23,3.4416,-0.16
2020-11-24,3.496,1.58
2020-11-25,3.5132,0.49
2020-11-26,3.5147,0.04
2020-11-27,3.542,0.78
2020-11-30,3.5451,0.09
2020-12-01,3.6087,1.79
2020-12-02,3.5931,-0.43
2020-12-03,3.594,0.03
2020-12-04,3.6054,0.32
2020-12-07,3.6166,0.31
2020-12-08,3.625,0.23
2020-12-09,3.5478,-2.13
2020-12-10,3.5665,0.53
2020-12-11,3.5549,-0.33
2020-12-14,3.576,0.59
2020-12-15,3.6197,1.22
2020-12-16,3.6358,0.44
2020-12-17,3.6583,0.62
2020-12-18,3.649,-0.25
2020-12-21,3.649,0.0
2020-12-22,3.6506,0.04
2020-12-23,3.6421,-0.23
2020-12-24,3.6475,0.15
2020-12-25,3.6459,-0.04
2020-12-28,3.6855,1.09
2020-12-29,3.697,0.31
2020-12-30,3.6862,-0.29
2020-12-31,3.6924,0.17
2021-01-04,3.6456,-1.27
2021-01-05,3.6405,-0.14
2021-01-06,3.5791,-1.69
2021-01-07,3.6687,2.5
2021-01-08,3.7209,1.42
2021-01-11,3.6639,-1.53
2021-01-12,3.6641,0.01
2021-01-13,3.6773,0.36
2021-01-14,3.6618,-0.42
2021-01-15,3.6286,-0.91
2021-01-18,3.6398,0.31
2021-01-19,3.6959,1.54
2021-01-20,3.7833,2.36
2021-01-21,3.8098,0.7
2021-01-22,3.7972,-0.33
2021-01-25,3.8441,1.24
2021-01-26,3.8505,0.17
2021-01-27,3.7368,-2.95
2021-01-28,3.7665,0.79
2021-01-29,3.6802,-2.29
2021-02-01,3.7674,2.37
2021-02-02,3.8301,1.66
2021-02-03,3.8166,-0.35
2021-02-04,3.8569,1.06
2021-02-05,3.8764,0.51
2021-02-08,3.8986,0.57
2021-02-09,3.8869,-0.3
2021-02-10,3.8684,-0.48
2021-02-18,3.8701,0.04
2021-02-19,3.8566,-0.35
2021-02-22,3.7514,-2.73
2021-02-23,3.7399,-0.31
2021-02-24,3.774,0.91
2021-02-25,3.6354,-3.67
2021-02-26,3.6686,0.91
2021-03-01,3.7773,2.96
2021-03-02,3.7073,-1.85
2021-03-03,3.5979,-2.95
2021-03-04,3.5496,-1.34
2021-03-05,3.6148,1.84
2021-03-08,3.5019,-3.12
2021-03-09,3.6721,4.86
2021-03-10,3.6471,-0.68
2021-03-11,3.726,2.16
2021-03-12,3.6853,-1.09
2021-03-15,3.7346,1.34
2021-03-16,3.7572,0.61
2021-03-17,3.7683,0.3
2021-03-18,3.6428,-3.33
2021-03-19,3.677,0.94
2021-03-22,3.7457,1.87
2021-03-23,3.7196,-0.7
2021-03-24,3.6676,-1.4
2021-03-25,3.6641,-0.1
2021-03-26,3.7226,1.6
2021-03-29,3.722,-0.02
2021-03-30,3.7137,-0.22
2021-03-31,3.7749,1.65
2021-04-01,3.8356,1.61
2021-04-02,3.8393,0.1
2021-04-06,3.9075,1.78
2021-04-07,3.9133,0.15
2021-04-08,3.9593,1.18
2021-04-09,3.9843,0.63
2021-04-12,3.9863,0.05
2021-04-13,4.0285,1.06
2021-04-14,3.9701,-1.45
2021-04-15,4.0303,1.52
2021-04-16,4.0347,0.11
2021-04-19,3.9943,-1.0
2021-04-20,3.9584,-0.9
2021-04-21,3.9899,0.8
2021-04-22,3.9308,-1.48
2021-04-23,3.9843,1.36
2021-04-26,4.0076,0.58
2021-04-27,3.9897,-0.45
2021-04-28,3.9701,-0.49
2021-04-29,3.9808,0.27
2021-04-30,3.9483,-0.82
2021-05-06,3.8889,-1.5
2021-05-07,3.9066,0.46
2021-05-10,3.7889,-3.01
2021-05-11,3.7754,-0.36
2021-05-12,3.6764,-2.62
2021-05-13,3.7265,1.36
2021-05-14,3.8031,2.06
2021-05-17,3.7693,-0.89
2021-05-18,3.7438,-0.68
2021-05-19,3.7433,-0.01
2021-05-20,3.8272,2.24
2021-05-21,3.7936,-0.88
2021-05-24,3.8658,1.9
2021-05-25,3.8636,-0.06
2021-05-26,3.8657,0.05
2021-05-27,3.8477,-0.47
2021-05-28,3.8454,-0.06
2021-05-31,3.8349,-0.27
2021-06-01,3.8191,-0.41
2021-06-02,3.8372,0.47
2021-06-03,3.7985,-1.01
2021-06-04,3.8825,2.21
2021-06-07,3.8867,0.11
2021-06-08,3.8864,-0.01
2021-06-09,3.8913,0.13
2021-06-10,3.9333,1.08
2021-06-11,3.9365,0.08
2021-06-15,3.9594,0.58
2021-06-16,3.9471,-0.31
2021-06-17,4.0121,1.65
2021-06-18,3.9833,-0.72
2021-06-21,4.0204,0.93
2021-06-22,4.0634,1.07
2021-06-23,4.0647,0.03
2021-06-24,4.1016,0.91
2021-06-25,4.0895,-0.3
2021-06-28,4.13,0.99
2021-06-29,4.1431,0.32
2021-06-30,4.1401,-0.07
2021-07-01,4.1491,0.22
2021-07-02,4.1996,1.22
2021-07-05,4.1981,-0.04
2021-07-06,4.2127,0.35
2021-07-07,4.2311,0.44
2021-07-08,4.2027,-0.67
2021-07-09,4.2346,0.76
2021-07-12,4.2513,0.39
2021-07-13,4.2492,-0.05
2021-07-14,4.2621,0.3
2021-07-15,4.2212,-0.96
2021-07-16,4.193,-0.67
2021-07-19,4.1539,-0.93
2021-07-20,4.2145,1.46
2021-07-21,4.2448,0.72
2021-07-22,4.2627,0.42
2021-07-23,4.3145,1.22
2021-07-26,4.3266,0.28
2021-07-27,4.2739,-1.22
2021-07-28,4.3026,0.67
2021-07-29,4.31,0.17
2021-07-30,4.2611,-1.13
2021-08-02,4.2646,0.08
2021-08-03,4.2904,0.6
2021-08-04,4.3001,0.23
2021-08-05,4.3311,0.72
2021-08-06,4.3065,-0.57
2021-08-09,4.329,0.52
2021-08-10,4.3055,-0.54
2021-08-11,4.2951,-0.24
2021-08-12,4.3101,0.35
2021-08-13,4.3268,0.39
2021-08-16,4.3236,-0.07
2021-08-17,4.2872,-0.84
2021-08-18,4.2553,-0.74
2021-08-19,4.2725,0.4
2021-08-20,4.3277,1.29
2021-08-23,4.3901,1.44
2021-08-24,4.392,0.04
2021-08-25,4.3894,-0.06
2021-08-26,4.3632,-0.6
2021-08-27,4.4158,1.21
2021-08-30,4.4549,0.89
2021-08-31,4.4496,-0.12
2021-09-01,4.4595,0.22
2021-09-02,4.4511,-0.19
2021-09-03,4.4644,0.3
2021-09-06,4.4609,-0.08
2021-09-07,4.471,0.23
2021-09-08,4.4635,-0.17
2021-09-09,4.4426,-0.47
2021-09-10,4.4027,-0.9
2021-09-13,4.3968,-0.13
2021-09-14,4.3836,-0.3
2021-09-15,4.4171,0.76
2021-09-16,4.4098,-0.17
2021-09-17,4.3688,-0.93
2021-09-22,4.3341,-0.79
2021-09-23,4.3765,0.98
2021-09-24,4.3708,-0.13
2021-09-27,4.3406,-0.69
2021-09-28,4.2115,-2.97
2021-09-29,4.2096,-0.05
2021-09-30,4.2029,-0.16
2021-10-08,4.2256,0.54
2021-10-11,4.188,-0.89
2021-10-12,4.1696,-0.44
2021-10-13,4.2105,0.98
2021-10-14,4.2769,1.58
2021-10-15,4.3027,0.6
2021-10-18,4.341,0.89
2021-10-19,4.3729,0.73
2021-10-20,4.3507,-0.51
2021-10-21,4.3667,0.37
2021-10-22,4.3362,-0.7
2021-10-25,4.3723,0.83
2021-10-26,4.3834,0.25
2021-10-27,4.3971,0.31
2021-10-28,4.4546,1.31
2021-10-29,4.471,0.37
2021-11-01,4.502,0.69
2021-11-02,4.5095,0.17
2021-11-03,4.5626,1.18
2021-11-04,4.6088,1.01
2021-11-05,4.6155,0.15
2021-11-08,4.6062,-0.2
2021-11-09,4.5698,-0.79
2021-11-10,4.5065,-1.39
2021-11-11,4.5332,0.59
2021-11-12,4.5764,0.95
2021-11-15,4.5638,-0.28
2021-11-16,4.5982,0.75
2021-11-17,4.6004,0.05
2021-11-18,4.6439,0.95
2021-11-19,4.6728,0.62
2021-11-22,4.6277,-0.97
2021-11-23,4.606,-0.47
2021-11-24,4.6214,0.33
2021-11-25,4.6266,0.11
2021-11-26,4.527,-2.15
2021-11-29,4.6274,2.22
2021-11-30,4.5519,-1.63
2021-12-01,4.473,-1.73
2021-12-02,4.5044,0.7
2021-12-03,4.426,-1.74
2021-12-06,4.461,0.79
2021-12-07,4.5983,3.08
2021-12-08,4.6149,0.36
2021-12-09,4.535,-1.73
2021-12-10,4.5999,1.43
2021-12-13,4.5268,-1.59
2021-12-14,4.4801,-1.03
2021-12-15,4.5875,2.4
2021-12-16,4.4614,-2.75
2021-12-17,4.4434,-0.4
2021-12-20,4.4138,-0.67
2021-12-21,4.4999,1.95
2021-12-22,4.5568,1.26
2021-12-23,4.5906,0.74
2021-12-24,4.5933,0.06
2021-12-27,4.6652,1.57
2021-12-28,4.6471,-0.39
2021-12-29,4.6479,0.02
2021-12-30,4.6241,-0.51
2021-12-31,4.5991,-0.54
2022-01-04,4.5985,-0.01
2022-01-05,4.4525,-3.17
2022-01-06,4.4416,-0.24
2022-01-07,4.3926,-1.1
2022-01-10,4.3951,0.06
2022-01-11,4.4588,1.45
2022-01-12,4.4776,0.42
2022-01-13,4.3533,-2.78
2022-01-14,4.3944,0.94
2022-01-17,4.3889,-0.13
2022-01-18,4.2743,-2.61
2022-01-19,4.2313,-1.01
2022-01-20,4.1665,-1.53
2022-01-21,4.053,-2.72
2022-01-24,4.0644,0.28
2022-01-25,3.9664,-2.41
2022-01-26,3.9671,0.02
2022-01-27,3.9264,-1.03
2022-01-28,4.0806,3.93
2022-02-07,4.1179,0.91
2022-02-08,4.1682,1.22
2022-02-09,4.2575,2.14
2022-02-10,4.1521,-2.48
2022-02-11,4.0289,-2.97
2022-02-14,4.0338,0.12
2022-02-15,4.1301,2.39
2022-02-16,4.119,-0.27
2022-02-17,3.9877,-3.19
2022-02-18,3.9428,-1.13
2022-02-21,3.9459,0.08
2022-02-22,3.9101,-0.91
2022-02-23,3.7974,-2.88
2022-02-24,3.925,3.36
2022-02-25,3.9882,1.61
2022-02-28,3.9957,0.19
2022-03-01,3.9218,-1.85
2022-03-02,4.0062,2.15
2022-03-03,3.9301,-1.9
2022-03-04,3.8906,-1.01
2022-03-07,3.7573,-3.43
2022-03-08,3.7255,-0.85
2022-03-09,3.8581,3.56
2022-03-10,3.8118,-1.2
2022-03-11,3.7424,-1.82
2022-03-14,3.6805,-1.65
2022-03-15,3.8121,3.58
2022-03-16,3.9543,3.73
2022-03-17,3.9761,0.55
2022-03-18,4.0629,2.18
2022-03-21,4.0699,0.17
2022-03-22,4.1499,1.97
2022-03-23,4.0876,-1.5
2022-03-24,4.1809,2.28
2022-03-25,4.1846,0.09
2022-03-28,4.252,1.61
2022-03-29,4.315,1.48
2022-03-30,4.2638,-1.19
2022-03-31,4.1924,-1.67
2022-04-01,4.1995,0.17
2022-04-06,4.114,-2.04
2022-04-07,4.1137,-0.01
2022-04-08,4.0538,-1.46
2022-04-11,3.9537,-2.47
2022-04-12,3.949,-0.12
2022-04-13,4.0251,1.93
2022-04-14,3.9164,-2.7
2022-04-15,3.9381,0.55
2022-04-18,3.9382,0.0
2022-04-19,4.0205,2.09
2022-04-20,3.9748,-1.14
2022-04-21,3.9013,-1.85
2022-04-22,3.8197,-2.09
2022-04-25,3.8898,1.84
2022-04-26,3.7566,-3.42
2022-04-27,3.7527,-0.1
2022-04-28,3.8949,3.79
2022-04-29,3.7367,-4.06
2022-05-05,3.7012,-0.95
2022-05-06,3.6958,-0.15
2022-05-09,3.5761,-3.24
2022-05-10,3.6331,1.59
2022-05-11,3.525,-2.98
2022-05-12,3.5129,-0.34
2022-05-13,3.6743,4.59
2022-05-16,3.6291,-1.23
2022-05-17,3.7231,2.59
2022-05-18,3.5127,-5.65
2022-05-19,3.4969,-0.45
2022-05-20,3.4799,-0.49
2022-05-23,3.5052,0.73
2022-05-24,3.4152,-2.57
2022-05-25,3.4657,1.48
2022-05-26,3.5766,3.2
2022-05-27,3.7318,4.34
2022-05-30,3.7139,-0.48
2022-05-31,3.6806,-0.9
2022-06-01,3.6554,-0.68
2022-06-02,3.781,3.44
2022-06-06,3.6696,-2.95
2022-06-07,3.6994,0.81
2022-06-08,3.6717,-0.75
2022-06-09,3.5786,-2.54
2022-06-10,3.4579,-3.37
2022-06-13,3.3058,-4.4
2022-06-14,3.3274,0.65
2022-06-15,3.4108,2.51
2022-06-16,3.2556,-4.55
2022-06-17,3.283,0.84
2022-06-20,3.2959,0.39
2022-06-21,3.364,2.07
2022-06-22,3.3703,0.19
2022-06-23,3.4176,1.4
2022-06-24,3.5314,3.33
2022-06-27,3.4958,-1.01
2022-06-28,3.3934,-2.93
2022-06-29,3.4038,0.31
2022-06-30,3.3638,-1.18
2022-07-01,3.3743,0.31
2022-07-04,3.3832,0.26
2022-07-05,3.438,1.62
2022-07-06,3.4709,0.96
2022-07-07,3.5412,2.03
2022-07-08,3.5437,0.07
2022-07-11,3.4585,-2.4
2022-07-12,3.4412,-0.5
2022-07-13,3.436,-0.15
2022-07-14,3.4469,0.32
2022-07-15,3.5216,2.17
2022-07-18,3.4871,-0.98
2022-07-19,3.5959,3.12
2022-07-20,3.6528,1.58
2022-07-21,3.7154,1.71
2022-07-22,3.6432,-1.94
2022-07-25,3.623,-0.55
2022-07-26,3.5483,-2.06
2022-07-27,3.7114,4.6
2022-07-28,3.7286,0.46
2022-07-29,3.7983,1.87
2022-08-01,3.798,-0.01
2022-08-02,3.7856,-0.33
2022-08-03,3.9087,3.25
2022-08-04,3.917,0.21
2022-08-05,3.874,-1.1
2022-08-08,3.8753,0.03
2022-08-09,3.8245,-1.31
2022-08-10,3.9337,2.86
2022-08-11,3.8935,-1.02
2022-08-12,3.9773,2.15
2022-08-15,4.0064,0.73
2022-08-16,4.0151,0.22
2022-08-17,3.9754,-0.99
2022-08-18,3.9814,0.15
2022-08-19,3.9194,-1.56
2022-08-22,3.8228,-2.46
2022-08-23,3.8383,0.41
2022-08-24,3.8413,0.08
2022-08-25,3.9161,1.95
2022-08-26,3.754,-4.14
2022-08-29,3.7284,-0.68
2022-08-30,3.6911,-1.0
2022-08-31,3.6747,-0.44
2022-09-01,3.6715,-0.09
2022-09-02,3.6227,-1.33
2022-09-05,3.6265,0.1
2022-09-06,3.6056,-0.58
2022-09-07,3.6815,2.11
2022-09-08,3.7004,0.51
2022-09-09,3.7777,2.09
2022-09-13,3.6022,-4.65
2022-09-14,3.6416,1.09
2022-09-15,3.5778,-1.75
2022-09-16,3.5667,-0.31
2022-09-19,3.5985,0.89
2022-09-20,3.5715,-0.75
2022-09-21,3.5096,-1.73
2022-09-22,3.4809,-0.82
2022-09-23,3.4283,-1.51
2022-09-26,3.4261,-0.06
2022-09-27,3.4509,0.72
2022-09-28,3.5384,2.54
2022-09-29,3.4362,-2.89
2022-09-30,3.3717,-1.88
2022-10-10,3.3559,-0.47
2022-10-11,3.3173,-1.15
2022-10-12,3.3169,-0.01
2022-10-13,3.3924,2.28
2022-10-14,3.2868,-3.11
2022-10-17,3.4007,3.47
2022-10-18,3.4265,0.76
2022-10-19,3.4121,-0.42
2022-10-20,3.3986,-0.4
2022-10-21,3.4806,2.41
2022-10-24,3.5191,1.11
2022-10-25,3.6141,2.7
2022-10-26,3.5294,-2.34
2022-10-27,3.4604,-1.96
2022-10-28,3.5765,3.36
2022-10-31,3.5352,-1.15
2022-11-01,3.5132,-0.62
2022-11-02,3.396,-3.34
2022-11-03,3.3419,-1.59
2022-11-04,3.3988,1.7
2022-11-07,3.425,0.77
2022-11-08,3.4449,0.58
2022-11-09,3.3645,-2.33
2022-11-10,3.6267,7.79
2022-11-11,3.6714,1.23
2022-11-14,3.591,-2.19
2022-11-15,3.6216,0.85
2022-11-16,3.5669,-1.51
2022-11-17,3.5732,0.18
2022-11-18,3.5915,0.51
2022-11-21,3.5608,-0.85
2022-11-22,3.6294,1.93
2022-11-23,3.6477,0.5
2022-11-24,3.6438,-0.11
2022-11-25,3.6244,-0.53
2022-11-28,3.5855,-1.07
2022-11-29,3.5752,-0.29
2022-11-30,3.7255,4.2
2022-12-01,3.7067,-0.5
2022-12-02,3.6596,-1.27
2022-12-05,3.5889,-1.93
2022-12-06,3.4904,-2.74
2022-12-07,3.4842,-0.18
2022-12-08,3.5095,0.73
2022-12-09,3.4867,-0.65
2022-12-12,3.5277,1.18
2022-12-13,3.5733,1.29
2022-12-14,3.5351,-1.07
2022-12-15,3.4082,-3.59
2022-12-16,3.3963,-0.35
2022-12-19,3.3496,-1.38
2022-12-20,3.3508,0.04
2022-12-21,3.3911,1.2
2022-12-22,3.3134,-2.29
2022-12-23,3.3237,0.31
2022-12-26,3.3245,0.02
2022-12-27,3.2645,-1.8
2022-12-28,3.228,-1.12
2022-12-29,3.3114,2.58
2022-12-30,3.3014,-0.3
2022-12-31,3.3009,-0.02
2023-01-03,3.2713,-0.91
2023-01-04,3.2753,0.12
2023-01-05,3.216,-1.81
2023-01-06,3.3033,2.71
2023-01-09,3.296,-0.22
2023-01-10,3.2975,0.05
2023-01-11,3.3586,1.85
2023-01-12,3.3709,0.37
2023-01-13,3.3778,0.2
2023-01-16,3.3703,-0.22
2023-01-17,3.3779,0.23
2023-01-18,3.3506,-0.81
2023-01-19,3.3204,-0.9
2023-01-20,3.4135,2.8
2023-01-30,3.4943,2.37
2023-01-31,3.5477,1.53
2023-02-01,3.6185,2.0
2023-02-02,3.7285,3.04
2023-02-03,3.6748,-1.44
2023-02-06,3.6587,-0.44
2023-02-07,3.7463,2.39
2023-02-08,3.6669,-2.12
2023-02-09,3.6404,-0.72
2023-02-10,3.6174,-0.63
2023-02-13,3.6881,1.95
2023-02-14,3.713,0.68
2023-02-15,3.7448,0.86
2023-02-16,3.6904,-1.45
2023-02-17,3.6723,-0.49
2023-02-20,3.6712,-0.03
2023-02-21,3.5791,-2.51
2023-02-22,3.59,0.3
2023-02-23,3.6347,1.25
2023-02-24,3.5687,-1.82
2023-02-27,3.6233,1.53
2023-02-28,3.6161,-0.2
2023-03-01,3.5797,-1.01
2023-03-02,3.5838,0.11
2023-03-03,3.6705,2.42
2023-03-06,3.6659,-0.13
2023-03-07,3.6303,-0.97
2023-03-08,3.6666,1.0
2023-03-09,3.6072,-1.62
2023-03-10,3.5571,-1.39
2023-03-13,3.5718,0.41
2023-03-14,3.6339,1.74
2023-03-15,3.6353,0.04
2023-03-16,3.7548,3.29
2023-03-17,3.7306,-0.64
2023-03-20,3.7272,-0.09
2023-03-21,3.7837,1.52
2023-03-22,3.7292,-1.44
2023-03-23,3.7758,1.25
2023-03-24,3.7702,-0.15
2023-03-27,3.7594,-0.29
2023-03-28,3.7432,-0.43
2023-03-29,3.8137,1.88
2023-03-30,3.8547,1.08
2023-03-31,3.9103,1.44
2023-04-03,3.905,-0.14
2023-04-04,3.8857,-0.49
2023-04-06,3.8757,-0.26
2023-04-07,3.88,0.11
2023-04-10,3.8721,-0.2
2023-04-11,3.8535,-0.48
2023-04-12,3.8169,-0.95
2023-04-13,3.8839,1.76
2023-04-14,3.8721,-0.3
2023-04-17,3.8776,0.14
2023-04-18,3.8858,0.21
2023-04-19,3.8796,-0.16
2023-04-20,3.8628,-0.43
2023-04-21,3.8547,-0.21
2023-04-24,3.85,-0.12
2023-04-25,3.7784,-1.86
2023-04-26,3.8203,1.11
2023-04-27,3.9228,2.68
2023-04-28,3.9502,0.7
2023-05-04,3.8609,-2.26
2023-05-05,3.9461,2.21
2023-05-08,3.9584,0.31
2023-05-09,3.9374,-0.53
2023-05-10,3.9828,1.15
2023-05-11,3.9842,0.04
2023-05-12,3.9914,0.18
2023-05-15,4.0226,0.78
2023-05-16,4.0172,-0.13
2023-05-17,4.0806,1.58
2023-05-18,4.168,2.14
2023-05-19,4.181,0.31
2023-05-22,4.1824,0.03
2023-05-23,4.1382,-1.06
2023-05-24,4.1302,-0.19
2023-05-25,4.2261,2.32
2023-05-26,4.3492,2.91
2023-05-29,4.3382,-0.25
2023-05-30,4.3694,0.72
2023-05-31,4.3401,-0.67
2023-06-01,4.4051,1.5
2023-06-02,4.4352,0.68
2023-06-05,4.4358,0.01
2023-06-06,4.4465,0.24
2023-06-07,4.3774,-1.55
2023-06-08,4.4377,1.38
2023-06-09,4.4422,0.1
2023-06-12,4.5251,1.87
2023-06-13,4.5771,1.15
2023-06-14,4.6114,0.75
2023-06-15,4.659,1.03
2023-06-16,4.6157,-0.93
2023-06-19,4.6097,-0.13
2023-06-20,4.6288,0.41
2023-06-21,4.5787,-1.08
2023-06-26,4.5399,-0.85
2023-06-27,4.6209,1.78
2023-06-28,4.6272,0.14
2023-06-29,4.6263,-0.02
2023-06-30,4.7027,1.65
2023-07-03,4.7051,0.05
2023-07-04,4.698,-0.15
2023-07-05,4.6914,-0.14
2023-07-06,4.6638,-0.59
2023-07-07,4.6443,-0.42
2023-07-10,4.6399,-0.09
2023-07-11,4.66,0.43
2023-07-12,4.7091,1.05
2023-07-13,4.7741,1.38
2023-07-14,4.7581,-0.34
2023-07-17,4.8032,0.95
2023-07-18,4.8493,0.96
2023-07-19,4.8478,-0.03
2023-07-20,4.7403,-2.22
2023-07-21,4.7274,-0.27
2023-07-24,4.7359,0.18
2023-07-25,4.7673,0.66
2023-07-26,4.7444,-0.48
2023-07-27,4.7302,-0.3
2023-07-28,4.8199,1.9
2023-07-31,4.8184,-0.03
2023-08-01,4.8033,-0.31
2023-08-02,4.7059,-2.03
2023-08-03,4.7071,0.03
2023-08-04,4.6809,-0.56
2023-08-07,4.7164,0.76
2023-08-08,4.6886,-0.59
2023-08-09,4.6369,-1.1
2023-08-10,4.6443,0.16
2023-08-11,4.6149,-0.63
2023-08-14,4.677,1.35
2023-08-15,4.631,-0.98
2023-08-16,4.5967,-0.74
2023-08-17,4.5547,-0.91
2023-08-18,4.5411,-0.3
2023-08-21,4.6186,1.71
2023-08-22,4.6101,-0.18
2023-08-23,4.6857,1.64
2023-08-24,4.5793,-2.27
2023-08-25,4.6154,0.79
2023-08-28,4.6466,0.68
2023-08-29,4.7492,2.21
2023-08-30,4.7742,0.53
2023-08-31,4.7857,0.24
2023-09-01,4.7792,-0.14
2023-09-04,4.7789,-0.01
2023-09-05,4.7853,0.13
2023-09-06,4.7514,-0.71
2023-09-07,4.717,-0.72
2023-09-08,4.7337,0.35
2023-09-11,4.7917,1.23
2023-09-12,4.7273,-1.34
2023-09-13,4.7417,0.3
2023-09-14,4.7806,0.82
2023-09-15,4.6912,-1.87
2023-09-18,4.6944,0.07
2023-09-19,4.6841,-0.22
2023-09-20,4.6142,-1.49
2023-09-21,4.5298,-1.83
2023-09-22,4.5296,0.0
2023-09-25,4.5505,0.46
2023-09-26,4.4804,-1.54
2023-09-27,4.4886,0.18
2023-09-28,4.53,0.92
2023-10-09,4.6376,2.38
2023-10-10,4.6623,0.53
2023-10-11,4.6957,0.72
2023-10-12,4.6764,-0.41
2023-10-13,4.6194,-1.22
2023-10-16,4.6747,1.2
2023-10-17,4.6588,-0.34
2023-10-18,4.5922,-1.43
2023-10-19,4.5529,-0.86
2023-10-20,4.4839,-1.52
2023-10-23,4.4974,0.3
2023-10-24,4.5403,0.95
2023-10-25,4.4274,-2.49
2023-10-26,4.3397,-1.98
2023-10-27,4.3619,0.51
2023-10-30,4.4128,1.17
2023-10-31,4.434,0.48
2023-11-01,4.5142,1.81
2023-11-02,4.5928,1.74
2023-11-03,4.6472,1.18
2023-11-06,4.6654,0.39
2023-11-07,4.7082,0.92
2023-11-08,4.7131,0.1
2023-11-09,4.6732,-0.85
2023-11-10,4.7792,2.27
2023-11-13,4.7652,-0.29
2023-11-14,4.8647,2.09
2023-11-15,4.866,0.03
2023-11-16,4.8717,0.12
2023-11-17,4.8711,-0.01
2023-11-20,4.9208,1.02
2023-11-21,4.8793,-0.84
2023-11-22,4.8899,0.22
2023-11-23,4.8872,-0.06
2023-11-24,4.8751,-0.25
2023-11-27,4.8696,-0.11
2023-11-28,4.8843,0.3
2023-11-29,4.8664,-0.37
2023-11-30,4.8532,-0.27
2023-12-01,4.8711,0.37
2023-12-04,4.8173,-1.1
2023-12-05,4.8395,0.46
2023-12-06,4.8123,-0.56
2023-12-07,4.8864,1.54
2023-12-08,4.9015,0.31
2023-12-11,4.9347,0.68
2023-12-12,4.9744,0.8
2023-12-13,5.0319,1.16
2023-12-14,5.0223,-0.19
2023-12-15,5.0366,0.28
2023-12-18,5.0682,0.63
2023-12-19,5.0961,0.55
2023-12-20,5.0201,-1.49
2023-12-21,5.0815,1.22
2023-12-22,5.0834,0.04
2023-12-25,5.0864,0.06
2023-12-26,5.1134,0.53
2023-12-27,5.1236,0.2
2023-12-28,5.119,-0.09
2023-12-29,5.0879,-0.61
2023-12-31,5.0879,0.0
2024-01-02,4.9986,-1.76
2024-01-03,4.9608,-0.76
2024-01-04,4.9334,-0.55
2024-01-05,4.9426,0.19
2024-01-08,5.0454,2.08
2024-01-09,5.0544,0.18
2024-01-10,5.0927,0.76
2024-01-11,5.1026,0.19
2024-01-12,5.1032,0.01
2024-01-15,5.1051,0.04
2024-01-16,5.1073,0.04
2024-01-17,5.0814,-0.51
2024-01-18,5.1534,1.42
2024-01-19,5.2501,1.88
2024-01-22,5.2505,0.01
2024-01-23,5.2717,0.4
2024-01-24,5.2956,0.45
2024-01-25,5.2997,0.08
2024-01-26,5.2727,-0.51
2024-01-29,5.3257,1.01
2024-01-30,5.2881,-0.71
2024-01-31,5.1858,-1.93
2024-02-01,5.2463,1.17
2024-02-02,5.3335,1.66
2024-02-05,5.3281,-0.1
2024-02-06,5.3166,-0.22
2024-02-07,5.3683,0.97
2024-02-08,5.376,0.14
2024-02-19,5.3447,-0.58
2024-02-20,5.3047,-0.75
2024-02-21,5.2819,-0.43
2024-02-22,5.4387,2.97
2024-02-23,5.4209,-0.33
2024-02-26,5.4195,-0.03
2024-02-27,5.4292,0.18
2024-02-28,5.4013,-0.51
2024-02-29,5.4495,0.89
2024-03-01,5.527,1.42
2024-03-04,5.5012,-0.47
2024-03-05,5.405,-1.75
2024-03-06,5.4394,0.64
2024-03-07,5.5217,1.51
2024-03-08,5.4384,-1.51
2024-03-11,5.4167,-0.4
2024-03-12,5.4955,1.45
2024-03-13,5.4499,-0.83
2024-03-14,5.4375,-0.23
2024-03-15,5.3754,-1.14
2024-03-18,5.4261,0.94
2024-03-19,5.4423,0.3
2024-03-20,5.5037,1.13
2024-03-21,5.5247,0.38
2024-03-22,5.5343,0.17
2024-03-25,5.5147,-0.35
2024-03-26,5.4909,-0.43
2024-03-27,5.5114,0.37
2024-03-28,5.5031,-0.15
2024-03-29,5.5031,0.0
2024-04-01,5.5133,0.19
2024-04-02,5.465,-0.88
2024-04-03,5.4761,0.2
2024-04-08,5.4576,-0.34
2024-04-09,5.4789,0.39
2024-04-10,5.4338,-0.82
2024-04-11,5.5213,1.61
2024-04-12,5.4313,-1.63
2024-04-15,5.3441,-1.61
2024-04-16,5.3475,0.06
2024-04-17,5.281,-1.24
2024-04-18,5.2508,-0.57
2024-04-19,5.1405,-2.1
2024-04-22,5.194,1.04
2024-04-23,5.2764,1.59
2024-04-24,5.2932,0.32
2024-04-25,5.2638,-0.56
2024-04-26,5.3522,1.68
2024-04-29,5.3708,0.35
2024-04-30,5.2687,-1.9
2024-05-06,5.4621,3.67
2024-05-07,5.4616,-0.01
2024-05-08,5.4604,-0.02
2024-05-09,5.4698,0.17
2024-05-10,5.4821,0.22
2024-05-13,5.4928,0.2
2024-05-14,5.532,0.71
2024-05-15,5.6143,1.49
2024-05-16,5.6015,-0.23
2024-05-17,5.5984,-0.06
2024-05-20,5.636,0.67
2024-05-21,5.649,0.23
2024-05-22,5.6468,-0.04
2024-05-23,5.6248,-0.39
2024-05-24,5.6799,0.98
2024-05-27,5.6788,-0.02
2024-05-28,5.7001,0.38
2024-05-29,5.6618,-0.67
2024-05-30,5.6009,-1.08
2024-05-31,5.5975,-0.06
2024-06-03,5.6173,0.35
2024-06-04,5.6337,0.29
2024-06-05,5.7467,2.01
2024-06-06,5.7444,-0.04
2024-06-07,5.7383,-0.11
2024-06-11,5.8024,1.12
2024-06-12,5.8793,1.33
2024-06-13,5.9098,0.52
2024-06-14,5.9369,0.46
2024-06-17,6.0071,1.18
2024-06-18,6.0092,0.03
2024-06-19,6.009,0.0
2024-06-20,5.9645,-0.74
2024-06-21,5.9481,-0.27
2024-06-24,5.8802,-1.14
2024-06-25,5.9508,1.2
2024-06-26,5.9676,0.28
2024-06-27,5.9796,0.2
2024-06-28,5.9468,-0.55
2024-06-30,5.9468,0.0
2024-07-01,5.9836,0.62
2024-07-02,6.0442,1.01
2024-07-03,6.0975,0.88
2024-07-04,6.097,-0.01
2024-07-05,6.1569,0.98
2024-07-08,6.1693,0.2
2024-07-09,6.1758,0.11
2024-07-10,6.243,1.09
2024-07-11,6.1046,-2.22
2024-07-12,6.1349,0.5
2024-07-15,6.1503,0.25
2024-07-16,6.1537,0.06
2024-07-17,5.9755,-2.9
2024-07-18,5.9455,-0.5
2024-07-19,5.8921,-0.9
2024-07-22,5.9818,1.52
2024-07-23,5.9594,-0.37
2024-07-24,5.7432,-3.63
2024-07-25,5.6796,-1.11
2024-07-26,5.733,0.94
2024-07-29,5.7473,0.25
2024-07-30,5.6708,-1.33
2024-07-31,5.8399,2.98
2024-08-01,5.6971,-2.45
2024-08-02,5.5664,-2.29
2024-08-05,5.3975,-3.03
2024-08-06,5.4499,0.97
2024-08-07,5.3947,-1.01
2024-08-08,5.5659,3.17
2024-08-09,5.5951,0.52
2024-08-12,5.6051,0.18
2024-08-13,5.7441,2.48
2024-08-14,5.7437,-0.01
2024-08-15,5.8811,2.39
2024-08-16,5.8924,0.19
2024-08-19,5.9655,1.24
2024-08-20,5.945,-0.34
2024-08-21,5.9741,0.49
2024-08-22,5.8705,-1.73
2024-08-23,5.9469,1.3
2024-08-26,5.8721,-1.26
2024-08-27,5.8987,0.45
2024-08-28,5.831,-1.15
2024-08-29,5.8273,-0.06
2024-08-30,5.8866,1.02
2024-09-02,5.879,-0.13
2024-09-03,5.7046,-2.97
2024-09-04,5.696,-0.15
2024-09-05,5.6889,-0.12
2024-09-06,5.536,-2.69
2024-09-09,5.6093,1.32
2024-09-10,5.6685,1.06
2024-09-11,5.7911,2.16
2024-09-12,5.8483,0.99
2024-09-13,5.8612,0.22
2024-09-18,5.8004,-1.04
2024-09-19,5.9541,2.65
2024-09-20,5.9142,-0.67
2024-09-23,5.9222,0.14
2024-09-24,5.9484,0.44
2024-09-25,5.9337,-0.25
2024-09-26,5.9866,0.89
2024-09-27,5.9363,-0.84
2024-09-30,5.949,0.21
2024-10-08,6.0112,1.05
2024-10-09,6.0464,0.59
2024-10-10,6.0519,0.09
2024-10-11,6.0584,0.11
2024-10-14,6.1053,0.77
2024-10-15,6.0334,-1.18
2024-10-16,6.0649,0.52
2024-10-17,6.0718,0.11
2024-10-18,6.1138,0.69
2024-10-21,6.1029,-0.18
2024-10-22,6.1287,0.42
2024-10-23,6.0379,-1.48
2024-10-24,6.0887,0.84
2024-10-25,6.1081,0.32
2024-10-28,6.1239,0.26
2024-10-29,6.1789,0.9
2024-10-30,6.1408,-0.62
2024-10-31,5.9856,-2.53
2024-11-01,6.0181,0.54
2024-11-04,6.0026,-0.26
2024-11-05,6.0641,1.02
2024-11-06,6.2208,2.58
2024-11-07,6.3664,2.34
2024-11-08,6.3527,-0.22
2024-11-11,6.3773,0.39
2024-11-12,6.3794,0.03
2024-11-13,6.3738,-0.09
2024-11-14,6.3305,-0.68
2024-11-15,6.1857,-2.29
2024-11-18,6.2202,0.56
2024-11-19,6.262,0.67
2024-11-20,6.2578,-0.07
2024-11-21,6.2799,0.35
2024-11-22,6.2873,0.12
2024-11-25,6.2937,0.1
2024-11-26,6.3267,0.52
2024-11-27,6.2816,-0.71
2024-11-28,6.2741,-0.12
2024-11-29,6.3259,0.83
2024-12-02,6.3921,1.05
2024-12-03,6.4195,0.43
2024-12-04,6.4909,1.11
2024-12-05,6.4679,-0.35
2024-12-06,6.5197,0.8
2024-12-09,6.4732,-0.71
2024-12-10,6.4567,-0.25
2024-12-11,6.5653,1.68
2024-12-12,6.5226,-0.65
2024-12-13,6.5675,0.69
2024-12-16,6.6555,1.34
2024-12-17,6.6296,-0.39
2024-12-18,6.4014,-3.44
2024-12-19,6.3755,-0.4
2024-12-20,6.4249,0.77
2024-12-23,6.4849,0.93
2024-12-24,6.5694,1.3
2024-12-25,6.5672,-0.03
2024-12-26,6.5614,-0.09
2024-12-27,6.4742,-1.33
2024-12-30,6.3934,-1.25
2024-12-31,6.3379,-0.87
2025-01-02,6.3233,-0.23
2025-01-03,6.4237,1.59
2025-01-06,6.4932,1.08
2025-01-07,6.3793,-1.75
2025-01-08,6.3811,0.03
2025-01-09,6.3793,-0.03
2025-01-10,6.2775,-1.6
2025-01-13,6.2564,-0.34
2025-01-14,6.2462,-0.16
2025-01-15,6.3915,2.33
2025-01-16,6.3476,-0.69
2025-01-17,6.4519,1.64
2025-01-20,6.4505,-0.02
2025-01-21,6.4718,0.33
2025-01-22,6.5539,1.27
2025-01-23,6.5679,0.21
2025-01-24,6.5304,-0.57
2025-01-27,6.3399,-2.92
2025-02-05,6.4813,2.23
2025-02-06,6.5115,0.47
2025-02-07,6.4275,-1.29
2025-02-10,6.5047,1.2
2025-02-11,6.4876,-0.26
2025-02-12,6.4937,0.09
2025-02-13,6.5864,1.43
2025-02-14,6.61,0.36
2025-02-17,6.609,-0.02
2025-02-18,6.621,0.18
2025-02-19,6.6279,0.1
2025-02-20,6.5992,-0.43
2025-02-21,6.4637,-2.05
2025-02-24,6.3902,-1.14
2025-02-25,6.3112,-1.24
2025-02-26,6.3243,0.21
2025-02-27,6.1533,-2.7
2025-02-28,6.2511,1.59
2025-03-03,6.1161,-2.16
2025-03-04,6.0945,-0.35
2025-03-05,6.1732,1.29
2025-03-06,6.0044,-2.73
2025-03-07,6.0481,0.73
2025-03-10,5.8241,-3.7
2025-03-11,5.8084,-0.27
2025-03-12,5.8707,1.07
2025-03-13,5.7624,-1.84
2025-03-14,5.9056,2.49
2025-03-17,5.9336,0.47
2025-03-18,5.8381,-1.61
2025-03-19,5.9105,1.24
2025-03-20,5.8969,-0.23
2025-03-21,5.9201,0.39
2025-03-24,6.0453,2.11
2025-03-25,6.0777,0.54
2025-03-26,5.9655,-1.85
2025-03-27,5.9314,-0.57
2025-03-28,5.7787,-2.57
2025-03-31,5.7788,0.0
2025-04-01,5.8234,0.77
2025-04-02,5.8669,0.75
2025-04-03,5.5644,-5.16
2025-04-07,5.2543,-5.57
2025-04-08,5.1577,-1.84
2025-04-09,5.7643,11.76
2025-04-10,5.5281,-4.1
2025-04-11,5.627,1.79
2025-04-14,5.6598,0.58
2025-04-15,5.6683,0.15
2025-04-16,5.5021,-2.93
2025-04-17,5.4975,-0.08
2025-04-18,5.4958,-0.03
2025-04-21,5.362,-2.43
2025-04-22,5.4969,2.52
2025-04-23,5.6216,2.27
2025-04-24,5.7738,2.71
2025-04-25,5.8364,1.08
2025-04-28,5.8331,-0.06
2025-04-29,5.8668,0.58
2025-04-30,5.8725,0.1
2025-05-06,5.9348,1.06
2025-05-07,5.9578,0.39
2025-05-08,6.0213,1.07
2025-05-09,6.0215,0.0
2025-05-12,6.2593,3.95
2025-05-13,6.3522,1.48
2025-05-14,6.3862,0.54
2025-05-15,6.3917,0.09
2025-05-16,6.4189,0.43
2025-05-19,6.4226,0.06
2025-05-20,6.4013,-0.33
2025-05-21,6.3171,-1.32
2025-05-22,6.3237,0.1
2025-05-23,6.2667,-0.9
2025-05-26,6.2593,-0.12
2025-05-27,6.4074,2.37
2025-05-28,6.3807,-0.42
2025-05-29,6.3942,0.21
2025-05-30,6.3835,-0.17
2025-06-03,6.4809,1.53
2025-06-04,6.4996,0.29
2025-06-05,6.4441,-0.85
2025-06-06,6.5051,0.95
2025-06-09,6.5192,0.22
2025-06-10,6.5594,0.62
2025-06-11,6.5321,-0.42
2025-06-12,6.5478,0.24
2025-06-13,6.4636,-1.29
2025-06-16,6.5545,1.41
2025-06-17,6.4863,-1.04
2025-06-18,6.4876,0.02
2025-06-19,6.4849,-0.04
2025-06-20,6.4621,-0.35
2025-06-23,6.5226,0.94
2025-06-24,6.6081,1.31
2025-06-25,6.6233,0.23
2025-06-26,6.6791,0.84
2025-06-27,6.7024,0.35
2025-06-30,6.7407,0.57
2025-07-01,6.6775,-0.94
2025-07-02,6.7262,0.73
2025-07-03,6.7896,0.94
2025-07-04,6.7905,0.01
2025-07-07,6.7342,-0.83
2025-07-08,6.7417,0.11
2025-07-09,6.7892,0.7
2025-07-10,6.7765,-0.19
2025-07-11,6.7594,-0.25
2025-07-14,6.7811,0.32
2025-07-15,6.7897,0.13
2025-07-16,6.7978,0.12
2025-07-17,6.8404,0.63
2025-07-18,6.839,-0.02
2025-07-21,6.8743,0.52
2025-07-22,6.8356,-0.56
2025-07-23,6.86,0.36
2025-07-24,6.8742,0.21
2025-07-25,6.8914,0.25
2025-07-28,6.9194,0.41
2025-07-29,6.9101,-0.13
2025-07-30,6.9144,0.06
2025-07-31,6.8821,-0.47
2025-08-01,6.749,-1.93
2025-08-04,6.8615,1.67
2025-08-05,6.8096,-0.76
2025-08-06,6.898,1.3
2025-08-07,6.914,0.23
2025-08-08,6.9832,1.0
2025-08-11,6.9618,-0.31
2025-08-12,7.0545,1.33
2025-08-13,7.0509,-0.05
2025-08-14,7.0459,-0.07
2025-08-15,7.0135,-0.46
2025-08-18,7.0086,-0.07
2025-08-19,6.9158,-1.32
2025-08-20,6.8785,-0.54
2025-08-21,6.8395,-0.57
2025-08-22,6.945,1.54
2025-08-25,6.91,-0.5
2025-08-26,6.9409,0.45
2025-08-27,6.9455,0.07
2025-08-28,6.9807,0.51
2025-08-29,6.8942,-1.24
2025-09-01,6.8973,0.04
2025-09-02,6.8447,-0.76
2025-09-03,6.8996,0.8
2025-09-04,6.9577,0.84
2025-09-05,6.9652,0.11
2025-09-08,6.9936,0.41
2025-09-09,7.013,0.28
2025-09-10,7.0208,0.11
2025-09-11,7.059,0.54
2025-09-12,7.0874,0.4
2025-09-15,7.1496,0.88
2025-09-16,7.1408,-0.12
2025-09-17,7.1243,-0.23
2025-09-18,7.1976,1.03
2025-09-19,7.2509,0.74
2025-09-22,7.2889,0.52
2025-09-23,7.2322,-0.78
2025-09-24,7.2116,-0.28
2025-09-25,7.184,-0.38
2025-09-26,7.2178,0.47
2025-09-29,7.2416,0.33
2025-09-30,7.2578,0.22
2025-10-09,7.3801,1.69
2025-10-10,7.1211,-3.51
2025-10-13,7.268,2.06
2025-10-14,7.2204,-0.65
2025-10-15,7.2654,0.62
2025-10-16,7.2374,-0.39
2025-10-17,7.281,0.6
2025-10-20,7.3742,1.28
2025-10-21,7.3665,-0.1
2025-10-22,7.2973,-0.94
2025-10-23,7.3546,0.79
2025-10-24,7.4273,0.99
2025-10-27,7.5531,1.69
2025-10-28,7.6045,0.68
2025-10-29,7.6341,0.39
2025-10-30,7.5222,-1.47
2025-10-31,7.5585,0.48
2025-11-03,7.5892,0.41
2025-11-04,7.4321,-2.07
2025-11-05,7.4841,0.7
2025-11-06,7.3326,-2.02
2025-11-07,7.305,-0.38
2025-11-10,7.4701,2.26
2025-11-11,7.4488,-0.29
2025-11-12,7.4417,-0.1
2025-11-13,7.291,-2.03
2025-11-14,7.2921,0.02
2025-11-17,7.2307,-0.84
2025-11-18,7.1487,-1.13
2025-11-19,7.1901,0.58
2025-11-20,7.0228,-2.33
2025-11-21,7.0751,0.74
2025-11-24,7.2573,2.58
2025-11-25,7.2981,0.56
2025-11-26,7.3602,0.85
2025-11-27,7.3591,-0.01
2025-11-28,7.4176,0.79
2025-12-01,7.3882,-0.4
2025-12-02,7.4544,0.9
2025-12-03,7.4659,0.15
2025-12-04,7.457,-0.12
2025-12-05,7.4912,0.46
2025-12-08,7.4733,-0.24
2025-12-09,7.486,0.17
2025-12-10,7.5153,0.39
2025-12-11,7.4824,-0.44
2025-12-12,7.334,-1.98
2025-12-15,7.2984,-0.49
2025-12-16,7.3113,0.18
2025-12-17,7.1683,-1.96
2025-12-18,7.2755,1.5
2025-12-19,7.3664,1.25
2025-12-22,7.4033,0.5
2025-12-23,7.4403,0.5
2025-12-24,7.4546,0.19
2025-12-25,7.4468,-0.1
2025-12-26,7.4397,-0.1
2025-12-29,7.4014,-0.51
2025-12-30,7.3846,-0.23
2025-12-31,7.3167,-0.92
2026-01-05,7.3532,0.5
2026-01-06,7.4152,0.84
2026-01-07,7.4213,0.08
2026-01-08,7.3797,-0.56
2026-01-09,7.4472,0.91
2026-01-12,7.4505,0.04
2026-01-13,7.4366,-0.19
2026-01-14,7.3582,-1.05
2026-01-15,7.376,0.24
2026-01-16,7.3714,-0.06
2026-01-19,7.3683,-0.04
2026-01-20,7.2036,-2.24
2026-01-21,7.3024,1.37
2026-01-22,7.3608,0.8
2026-01-23,7.3764,0.21
2026-01-26,7.3989,0.31
2026-01-27,7.4657,0.9
2026-01-28,7.4799,0.19
2026-01-29,7.44,-0.53
2026-01-30,7.336,-1.4
2026-02-02,7.3904,0.74
2026-02-03,7.2665,-1.68
2026-02-04,7.1313,-1.86
2026-02-05,7.0366,-1.33
2026-02-06,7.1871,2.14
2026-02-09,7.2357,0.68
2026-02-10,7.1899,-0.63
2026-02-11,7.2085,0.26
2026-02-12,7.0636,-2.01
2026-02-13,7.0693,0.08
2026-02-24,7.1396,0.99
2026-02-25,7.2303,1.27
2026-02-26,7.1377,-1.28
2026-02-27,7.1161,-0.3
2026-03-02,7.1258,0.14
2026-03-03,7.0341,-1.29
2026-03-04,7.143,1.55
2026-03-05,7.1107,-0.45
2026-03-06,7.0066,-1.46
2026-03-09,7.1102,1.48
2026-03-10,7.0907,-0.27
2026-03-11,7.0863,-0.06
2026-03-12,6.9687,-1.66
2026-03-13,6.9302,-0.55
2026-03-16,7.0122,1.18
2026-03-17,7.0381,0.37
2026-03-18,6.9328,-1.5
2026-03-19,6.9195,-0.19
2026-03-20,6.7845,-1.95
2026-03-23,6.8783,1.38
2026-03-24,6.8167,-0.9
2026-03-25,6.8582,0.61
2026-03-26,6.7095,-2.17
2026-03-27,6.5885,-1.8
2026-03-30,6.5452,-0.66
2026-03-31,6.7635,3.34
2026-04-01,6.8274,0.94
2026-04-02,6.8214,-0.09
2026-04-03,6.8259,0.07
2026-04-07,6.8617,0.52
2026-04-08,7.0417,2.62
2026-04-09,7.089,0.67
2026-04-10,7.0995,0.15
2026-04-13,7.1741,1.05
2026-04-14,7.297,1.71
2026-04-15,7.3986,1.39
2026-04-16,7.4376,0.53
2026-04-17,7.5344,1.3
2026-04-20,7.5146,-0.26
2026-04-21,7.4772,-0.5
2026-04-22,7.6078,1.75
2026-04-23,7.5671,-0.53
2026-04-24,7.7135,1.93
2026-04-27,7.7008,-0.16
2026-04-28,7.6251,-0.98
2026-04-29,7.6704,0.59
2026-04-30,7.7463,0.99
2026-05-06,8.0609,4.06
2026-05-07,8.043,-0.22
2026-05-08,8.2334,2.37
2026-05-11,8.2533,0.24
2026-05-12,8.1765,-0.93
2026-05-13,8.2621,1.05
2026-05-14,8.3191,0.69
2026-05-15,8.1939,-1.5
2026-05-18,8.1598,-0.42
2026-05-19,8.1029,-0.7
2026-05-20,8.2382,1.67
2026-05-21,8.2497,0.14
2026-05-22,8.2866,0.45
2026-05-25,8.2801,-0.08
2026-05-26,8.4202,1.69
2026-05-27,8.4132,-0.08
2026-05-28,8.4773,0.76
2026-05-29,8.5006,0.27
2026-06-01,8.5489,0.57
2026-06-02,8.5927,0.51
2026-06-03,8.5667,-0.3
2026-06-04,8.5243,-0.49
2026-06-05,8.1154,-4.8
